Category Slug,Category Rank,Name,Weapon Type,Archetype,Overall %,Δ 2 Weeks
"auto-rifles","1","Positive Outlook","","Precision Frame","5.87%","∞%"
"auto-rifles","2","The Ringing Nail","","Precision Frame","4.21%","∞%"
"auto-rifles","3","Zealous Ideal","","Balanced Heat Weapon","3.50%","∞%"
"auto-rifles","4","Reghusk's Pledge","","Rapid-Fire Frame","3.36%","∞%"
"auto-rifles","5","Trendsetter","","Adaptive Frame","3.19%","∞%"
"auto-rifles","6","Lethal Abundance","","High-Impact Frame","2.91%","∞%"
"auto-rifles","7","No Hesitation","","Support Frame","2.58%","∞%"
"auto-rifles","8","The Forward Path","","Adaptive Frame","2.54%","∞%"
"auto-rifles","9","Chroma Rush","","Rapid-Fire Frame","2.50%","∞%"
"auto-rifles","10","DECATUR 02","","Support Frame","2.48%","∞%"
"auto-rifles","11","Choir of One","","Command Frame","2.42%","∞%"
"auto-rifles","12","Gnawing Hunger","","Adaptive Frame","2.39%","∞%"
"auto-rifles","13","Sorrow's Verse","","Adaptive Frame","2.09%","∞%"
"auto-rifles","14","Giver's Blessing","","Rapid-Fire Frame","2.08%","∞%"
"auto-rifles","15","Duty Bound","","Adaptive Frame","1.90%","∞%"
"auto-rifles","16","Seventh Seraph Carbine","","Precision Frame","1.87%","∞%"
"auto-rifles","17","Ahab Char","","Rapid-Fire Frame","1.83%","∞%"
"auto-rifles","18","Steelfeather Repeater","","Rapid-Fire Frame","1.80%","∞%"
"auto-rifles","19","Rufus's Fury","","Rapid-Fire Frame","1.75%","∞%"
"auto-rifles","20","Snipehunt Mk. 47","","Lightweight Frame","1.50%","∞%"
"auto-rifles","21","Ammit AR2","","Precision Frame","1.44%","∞%"
"auto-rifles","22","The Summoner","","Adaptive Frame","1.28%","∞%"
"auto-rifles","23","The Ringing Nail","","Precision Frame","1.23%","∞%"
"auto-rifles","24","Gnawing Hunger","","Adaptive Frame","1.20%","∞%"
"auto-rifles","25","Everburning Glitz","","Rapid-Fire Frame","1.20%","∞%"
"auto-rifles","26","Pluperfect","","High-Impact Frame","1.12%","∞%"
"auto-rifles","27","Fair Judgment","","Precision Frame","1.12%","∞%"
"auto-rifles","28","Chrysura Melo","","Support Frame","1.09%","∞%"
"auto-rifles","29","Prosecutor","","Precision Frame","1.08%","∞%"
"auto-rifles","30","VS Pyroelectric Propellant","","Adaptive Frame","1.06%","∞%"
"auto-rifles","31","Scathelocke","","Adaptive Frame","1.01%","∞%"
"auto-rifles","32","Reckless Oracle","","Rapid-Fire Frame","1.00%","∞%"
"auto-rifles","33","Ros Arago IV","","Adaptive Frame","0.99%","∞%"
"auto-rifles","34","Auric Disabler","","Precision Frame","0.97%","∞%"
"auto-rifles","35","Arctic Haze","","Rapid-Fire Frame","0.95%","∞%"
"auto-rifles","36","Adamantite","","Support Frame","0.92%","∞%"
"auto-rifles","37","Abyss Defiant","","High-Impact Frame","0.89%","∞%"
"auto-rifles","38","The Summoner","","Adaptive Frame","0.88%","∞%"
"auto-rifles","39","Age-Old Bond","","High-Impact Frame","0.84%","∞%"
"auto-rifles","40","Adamantite","","Support Frame","0.82%","∞%"
"auto-rifles","41","Krait","","Rapid-Fire Frame","0.77%","∞%"
"auto-rifles","42","Reckless Oracle","","Rapid-Fire Frame","0.77%","∞%"
"auto-rifles","43","Arc Logic","","Adaptive Frame","0.75%","∞%"
"auto-rifles","44","Old Sterling","","Adaptive Frame","0.73%","∞%"
"auto-rifles","45","VS Pyroelectric Propellant","","Adaptive Frame","0.71%","∞%"
"auto-rifles","46","Perpetualis","","Adaptive Frame","0.70%","∞%"
"auto-rifles","47","The Riposte","","Lightweight Frame","0.68%","∞%"
"auto-rifles","48","Intercalary","","Adaptive Frame","0.61%","∞%"
"auto-rifles","49","Chroma Rush","","Rapid-Fire Frame","0.56%","∞%"
"auto-rifles","50","The Riposte","","Lightweight Frame","0.56%","∞%"
"auto-rifles","51","Tigerspite","","Precision Frame","0.55%","∞%"
"auto-rifles","52","The Summoner (Adept)","","Adaptive Frame","0.54%","∞%"
"auto-rifles","53","Veiled Threat","","Rapid-Fire Frame","0.53%","∞%"
"auto-rifles","54","Come to Pass","","High-Impact Frame","0.53%","∞%"
"auto-rifles","55","Chroma Rush","","Rapid-Fire Frame","0.48%","∞%"
"auto-rifles","56","Sweet Sorrow","","Rapid-Fire Frame","0.48%","∞%"
"auto-rifles","57","Rufus's Fury (Adept)","","Rapid-Fire Frame","0.47%","∞%"
"auto-rifles","58","Prosecutor","","Precision Frame","0.47%","∞%"
"auto-rifles","59","BrayTech Werewolf","","Precision Frame","0.46%","∞%"
"auto-rifles","60","Positive Outlook","","Precision Frame","0.45%","∞%"
"auto-rifles","61","Prosecutor","","Precision Frame","0.45%","∞%"
"auto-rifles","62","Snipehunt Mk. 47","","Lightweight Frame","0.43%","∞%"
"auto-rifles","63","Adamantite (Adept)","","Support Frame","0.43%","∞%"
"auto-rifles","64","Positive Outlook","","Precision Frame","0.42%","∞%"
"auto-rifles","65","Seventh Seraph Carbine","","Precision Frame","0.42%","∞%"
"auto-rifles","66","Firefright","","Precision Frame","0.41%","∞%"
"auto-rifles","67","The Summoner","","Adaptive Frame","0.40%","∞%"
"auto-rifles","68","Lodbrok-C","","High-Impact Frame","0.39%","∞%"
"auto-rifles","69","Coronach-22","","Adaptive Frame","0.38%","∞%"
"auto-rifles","70","Breakneck","","Precision Frame","0.38%","∞%"
"auto-rifles","71","Horror Story","","Precision Frame","0.37%","∞%"
"auto-rifles","72","Origin Story","","Precision Frame","0.34%","∞%"
"auto-rifles","73","False Promises","","High-Impact Frame","0.34%","∞%"
"auto-rifles","74","Adamantite","","Support Frame","0.32%","∞%"
"auto-rifles","75","Shadow Price (Adept)","","Precision Frame","0.32%","∞%"
"auto-rifles","76","Tigerspite","","Precision Frame","0.31%","∞%"
"auto-rifles","77","False Promises","","High-Impact Frame","0.31%","∞%"
"auto-rifles","78","Sorrow's Verse","","Adaptive Frame","0.31%","∞%"
"auto-rifles","79","Lethal Abundance","","High-Impact Frame","0.29%","∞%"
"auto-rifles","80","Chrysura Melo","","High-Impact Frame","0.29%","∞%"
"auto-rifles","81","Sorrow's Verse","","Adaptive Frame","0.29%","∞%"
"auto-rifles","82","Prosecutor (Adept)","","Precision Frame","0.27%","∞%"
"auto-rifles","83","Lethal Abundance","","High-Impact Frame","0.27%","∞%"
"auto-rifles","84","The Last Breath","","Adaptive Frame","0.27%","∞%"
"auto-rifles","85","Seventh Seraph Carbine","","Precision Frame","0.25%","∞%"
"auto-rifles","86","Horror Story","","Precision Frame","0.25%","∞%"
"auto-rifles","87","Herod-C","","High-Impact Frame","0.25%","∞%"
"auto-rifles","88","Dark Decider","","Rapid-Fire Frame","0.24%","∞%"
"auto-rifles","89","Duty Bound","","Adaptive Frame","0.23%","∞%"
"auto-rifles","90","The Number","","Precision Frame","0.22%","∞%"
"auto-rifles","91","Reckless Oracle","","Rapid-Fire Frame","0.22%","∞%"
"auto-rifles","92","Scathelocke","","Adaptive Frame","0.21%","∞%"
"auto-rifles","93","Abyss Defiant (Adept)","","High-Impact Frame","0.21%","∞%"
"auto-rifles","94","Shadow Price (Adept)","","Precision Frame","0.21%","∞%"
"auto-rifles","95","BrayTech Werewolf","","Precision Frame","0.20%","∞%"
"auto-rifles","96","Duty Bound (Adept)","","Adaptive Frame","0.20%","∞%"
"auto-rifles","97","Cusp Sempiternal","","Support Frame","0.19%","∞%"
"auto-rifles","98","Prosecutor","","Precision Frame","0.19%","∞%"
"auto-rifles","99","Reckless Oracle","","Rapid-Fire Frame","0.18%","∞%"
"auto-rifles","100","The Forward Path","","Adaptive Frame","0.17%","∞%"
"combat-bows","1","Convened Recurve","","High-Impact Longbow","11.51%","∞%"
"combat-bows","2","A Good Shout","","High-Impact Frame","10.29%","∞%"
"combat-bows","3","Submersion","","High-Impact Frame","7.27%","∞%"
"combat-bows","4","Point of the Stag","","Precision Frame","4.33%","∞%"
"combat-bows","5","Fortunate Star","","Lightweight Frame","3.80%","∞%"
"combat-bows","6","King Orfeo","","Precision Frame","3.66%","∞%"
"combat-bows","7","Pre Astyanax IV","","Precision Frame","3.20%","∞%"
"combat-bows","8","The Spiteful Fang","","Lightweight Frame","3.17%","∞%"
"combat-bows","9","Mercury-A","","High-Impact Longbow","3.06%","∞%"
"combat-bows","10","Hushed Whisper","","Precision Frame","2.87%","∞%"
"combat-bows","11","Opaque Hourglass","","High-Impact Frame","2.70%","∞%"
"combat-bows","12","Convened Recurve","","High-Impact Longbow","2.31%","∞%"
"combat-bows","13","Hush","","Precision Frame","2.24%","∞%"
"combat-bows","14","Wish-Keeper","","Snareweaver","2.04%","∞%"
"combat-bows","15","Fortunate Star","","Lightweight Frame","1.92%","∞%"
"combat-bows","16","Tyranny of Heaven","","Lightweight Frame","1.60%","∞%"
"combat-bows","17","Arsenic Bite-4b","","Lightweight Frame","1.42%","∞%"
"combat-bows","18","Under Your Skin","","Precision Frame","1.36%","∞%"
"combat-bows","19","Strident Whistle","","Precision Frame","1.34%","∞%"
"combat-bows","20","Vengeful Whisper","","Precision Frame","1.28%","∞%"
"combat-bows","21","Biting Winds","","Precision Frame","1.26%","∞%"
"combat-bows","22","Non-Denouement","","Precision Frame","1.26%","∞%"
"combat-bows","23","Submersion","","High-Impact Frame","1.22%","∞%"
"combat-bows","24","Neoptolemus II","","Precision Frame","1.16%","∞%"
"combat-bows","25","Wolftone Draw","","Precision Frame","1.13%","∞%"
"combat-bows","26","Fortunate Star","","Lightweight Frame","1.13%","∞%"
"combat-bows","27","Raconteur","","Precision Frame","1.09%","∞%"
"combat-bows","28","Anamnesis","","Lightweight Frame","1.07%","∞%"
"combat-bows","29","Vengeful Whisper","","Precision Frame","1.07%","∞%"
"combat-bows","30","Hushed Whisper","","Precision Frame","1.05%","∞%"
"combat-bows","31","Accrued Redemption","","Precision Frame","0.98%","∞%"
"combat-bows","32","Lunulata-4b","","Lightweight Frame","0.98%","∞%"
"combat-bows","33","A Good Shout","","High-Impact Frame","0.89%","∞%"
"combat-bows","34","Whispering Slab","","Lightweight Frame","0.81%","∞%"
"combat-bows","35","Fel Taradiddle","","Lightweight Frame","0.79%","∞%"
"combat-bows","36","Lethophobia","","Lightweight Frame","0.79%","∞%"
"combat-bows","37","King Orfeo","","Precision Frame","0.79%","∞%"
"combat-bows","38","Imperial Needle","","Lightweight Frame","0.78%","∞%"
"combat-bows","39","Tripwire Canary","","Lightweight Frame","0.78%","∞%"
"combat-bows","40","The Spiteful Fang","","Lightweight Frame","0.74%","∞%"
"combat-bows","41","Pre Astyanax IV (Adept)","","Precision Frame","0.68%","∞%"
"combat-bows","42","Biting Winds","","Precision Frame","0.68%","∞%"
"combat-bows","43","Point of the Stag","","Precision Frame","0.66%","∞%"
"combat-bows","44","Hush","","Precision Frame","0.63%","∞%"
"combat-bows","45","Accrued Redemption","","Precision Frame","0.60%","∞%"
"combat-bows","46","Pre Astyanax IV (Adept)","","Precision Frame","0.58%","∞%"
"combat-bows","47","Anamnesis (Adept)","","Lightweight Frame","0.54%","∞%"
"combat-bows","48","Pre Astyanax IV","","Precision Frame","0.47%","∞%"
"combat-bows","49","Point of the Stag","","Precision Frame","0.43%","∞%"
"combat-bows","50","Whispering Slab","","Lightweight Frame","0.39%","∞%"
"combat-bows","51","Tyranny of Heaven","","Lightweight Frame","0.39%","∞%"
"combat-bows","52","Whistler's Whim","","Lightweight Frame","0.35%","∞%"
"combat-bows","53","Anamnesis","","Lightweight Frame","0.30%","∞%"
"combat-bows","54","Whistler's Whim (Adept)","","Lightweight Frame","0.28%","∞%"
"combat-bows","55","Subtle Calamity","","Precision Frame","0.28%","∞%"
"combat-bows","56","Non-Denouement (Adept)","","Precision Frame","0.25%","∞%"
"combat-bows","57","Whistler's Whim (Adept)","","Lightweight Frame","0.24%","∞%"
"combat-bows","58","The Spiteful Fang","","Lightweight Frame","0.22%","∞%"
"combat-bows","59","Whistler's Whim","","Lightweight Frame","0.21%","∞%"
"combat-bows","60","Anamnesis (Adept)","","Lightweight Frame","0.20%","∞%"
"combat-bows","61","King Orfeo","","Precision Frame","0.13%","∞%"
"combat-bows","62","King Orfeo","","Precision Frame","0.13%","∞%"
"combat-bows","63","King Orfeo","","Precision Frame","0.11%","∞%"
"combat-bows","64","Pre Astyanax IV","","Precision Frame","0.11%","∞%"
"fusion-rifles","1","Main Ingredient","","Precision Frame","7.86%","∞%"
"fusion-rifles","2","Scatter Signal","","Rapid-Fire Frame","4.39%","∞%"
"fusion-rifles","3","Null Composure","","Rapid-Fire Frame","4.34%","∞%"
"fusion-rifles","4","Lionfish-4fr","","Rapid-Fire Frame","4.16%","∞%"
"fusion-rifles","5","Monody-44","","High-Impact Frame","3.72%","∞%"
"fusion-rifles","6","The Wizened Rebuke","","High-Impact Frame","3.47%","∞%"
"fusion-rifles","7","The Beacon","","Rapid-Fire Frame","3.26%","∞%"
"fusion-rifles","8","TAHOMA 01","","Aggressive Frame","3.15%","∞%"
"fusion-rifles","9","Riptide","","Rapid-Fire Frame","3.14%","∞%"
"fusion-rifles","10","Pressurized Precision","","Adaptive Frame","2.69%","∞%"
"fusion-rifles","11","Nox Sidereal IV","","Aggressive Frame","2.38%","∞%"
"fusion-rifles","12","Nox Perennial V","","High-Impact Frame","2.27%","∞%"
"fusion-rifles","13","Tempered Dynamo","","Aggressive Frame","2.25%","∞%"
"fusion-rifles","14","Riptide","","Rapid-Fire Frame","2.14%","∞%"
"fusion-rifles","15","Riptide","","Rapid-Fire Frame","1.99%","∞%"
"fusion-rifles","16","Cartesian Coordinate","","Rapid-Fire Frame","1.95%","∞%"
"fusion-rifles","17","Deliverance","","Precision Frame","1.95%","∞%"
"fusion-rifles","18","Burden of Guilt","","Adaptive Frame","1.93%","∞%"
"fusion-rifles","19","Accelerando-42","","Precision Frame","1.71%","∞%"
"fusion-rifles","20","Cartesian Coordinate","","Rapid-Fire Frame","1.58%","∞%"
"fusion-rifles","21","Finite Maybe","","Aggressive Frame","1.55%","∞%"
"fusion-rifles","22","Iterative Loop","","Rapid-Fire Frame","1.35%","∞%"
"fusion-rifles","23","Resounding","","Aggressive Frame","1.31%","∞%"
"fusion-rifles","24","Techeun Force","","Adaptive Frame","1.27%","∞%"
"fusion-rifles","25","The Eremite","","High-Impact Frame","1.18%","∞%"
"fusion-rifles","26","Main Ingredient","","Precision Frame","1.14%","∞%"
"fusion-rifles","27","Nox Perennial V","","High-Impact Frame","1.11%","∞%"
"fusion-rifles","28","The Beacon","","Rapid-Fire Frame","1.09%","∞%"
"fusion-rifles","29","VS Gravitic Arrest","","Adaptive Frame","1.06%","∞%"
"fusion-rifles","30","Axial Lacuna","","Precision Frame","1.03%","∞%"
"fusion-rifles","31","PLUG ONE.1 (Adept)","","Precision Frame","1.02%","∞%"
"fusion-rifles","32","Exile's Curse","","High-Impact Frame","0.99%","∞%"
"fusion-rifles","33","Snorri FR5","","Precision Frame","0.95%","∞%"
"fusion-rifles","34","Zealot's Reward","","Rapid-Fire Frame","0.94%","∞%"
"fusion-rifles","35","Loaded Question (Adept)","","High-Impact Frame","0.93%","∞%"
"fusion-rifles","36","Nox Sidereal IV","","Aggressive Frame","0.93%","∞%"
"fusion-rifles","37","Royal Executioner","","Adaptive Frame","0.90%","∞%"
"fusion-rifles","38","Midha's Reckoning","","High-Impact Frame","0.88%","∞%"
"fusion-rifles","39","Dream Breaker","","Adaptive Frame","0.87%","∞%"
"fusion-rifles","40","VS Gravitic Arrest","","Adaptive Frame","0.85%","∞%"
"fusion-rifles","41","Null Composure","","Rapid-Fire Frame","0.84%","∞%"
"fusion-rifles","42","Glacioclasm","","High-Impact Frame","0.81%","∞%"
"fusion-rifles","43","PLUG ONE.1 (Adept)","","Precision Frame","0.75%","∞%"
"fusion-rifles","44","Main Ingredient","","Precision Frame","0.74%","∞%"
"fusion-rifles","45","Likely Suspect","","Rapid-Fire Frame","0.73%","∞%"
"fusion-rifles","46","Aurvandil FR6","","High-Impact Frame","0.69%","∞%"
"fusion-rifles","47","Cruoris FR4","","Aggressive Frame","0.69%","∞%"
"fusion-rifles","48","Coriolis Force","","Aggressive Frame","0.68%","∞%"
"fusion-rifles","49","Iota Draconis","","High-Impact Frame","0.62%","∞%"
"fusion-rifles","50","The Epicurean","","Precision Frame","0.58%","∞%"
"fusion-rifles","51","Accelerando-42","","Precision Frame","0.56%","∞%"
"fusion-rifles","52","Afterlight","","Adaptive Frame","0.54%","∞%"
"fusion-rifles","53","Glacioclasm","","High-Impact Frame","0.52%","∞%"
"fusion-rifles","54","Glacioclasm","","High-Impact Frame","0.51%","∞%"
"fusion-rifles","55","Pressurized Precision","","Adaptive Frame","0.51%","∞%"
"fusion-rifles","56","Deliverance (Adept)","","Precision Frame","0.50%","∞%"
"fusion-rifles","57","Glacioclasm","","High-Impact Frame","0.47%","∞%"
"fusion-rifles","58","Tempered Dynamo","","Aggressive Frame","0.46%","∞%"
"fusion-rifles","59","Burden of Guilt","","Adaptive Frame","0.46%","∞%"
"fusion-rifles","60","Timelines' Vertex","","Adaptive Frame","0.46%","∞%"
"fusion-rifles","61","Zealot's Reward","","Rapid-Fire Frame","0.43%","∞%"
"fusion-rifles","62","Afterlight (Adept)","","Adaptive Frame","0.43%","∞%"
"fusion-rifles","63","Hollow Words","","Precision Frame","0.43%","∞%"
"fusion-rifles","64","PLUG ONE.1","","Precision Frame","0.41%","∞%"
"fusion-rifles","65","Trinary System","","Adaptive Frame","0.40%","∞%"
"fusion-rifles","66","Hollow Words","","Precision Frame","0.40%","∞%"
"fusion-rifles","67","PLUG ONE.1","","Precision Frame","0.39%","∞%"
"fusion-rifles","68","The Wizened Rebuke","","High-Impact Frame","0.38%","∞%"
"fusion-rifles","69","Midha's Reckoning (Harrowed)","","High-Impact Frame","0.30%","∞%"
"fusion-rifles","70","Burden of Guilt (Adept)","","Adaptive Frame","0.27%","∞%"
"fusion-rifles","71","Techeun Force","","Adaptive Frame","0.25%","∞%"
"fusion-rifles","72","The Wizened Rebuke","","High-Impact Frame","0.24%","∞%"
"fusion-rifles","73","Loaded Question","","High-Impact Frame","0.24%","∞%"
"fusion-rifles","74","Exile's Curse","","High-Impact Frame","0.21%","∞%"
"fusion-rifles","75","Erentil FR4","","High-Impact Frame","0.21%","∞%"
"fusion-rifles","76","Afterlight","","Adaptive Frame","0.19%","∞%"
"fusion-rifles","77","Coriolis Force","","Aggressive Frame","0.19%","∞%"
"fusion-rifles","78","Afterlight (Adept)","","Adaptive Frame","0.14%","∞%"
"fusion-rifles","79","The Wizened Rebuke","","High-Impact Frame","0.12%","∞%"
"fusion-rifles","80","Exile's Curse (Adept)","","High-Impact Frame","0.08%","∞%"
"fusion-rifles","81","Dream Breaker","","Adaptive Frame","0.08%","∞%"
"fusion-rifles","82","Tempered Dynamo","","Precision Frame","0.08%","∞%"
"fusion-rifles","83","Aurvandil FR6","","High-Impact Frame","0.07%","∞%"
"fusion-rifles","84","Elatha FR4","","High-Impact Frame","0.07%","∞%"
"fusion-rifles","85","PLUG ONE.1","","Precision Frame","0.06%","∞%"
"fusion-rifles","86","Gallant Charge","","High-Impact Frame","0.06%","∞%"
"fusion-rifles","87","The Epicurean","","Precision Frame","0.04%","∞%"
"fusion-rifles","88","Loaded Question","","High-Impact Frame","0.04%","∞%"
"fusion-rifles","89","Proelium FR3","","Rapid-Fire Frame","0.03%","∞%"
"glaives","1","The Heron","","Aggressive Glaive","9.55%","∞%"
"glaives","2","The Enigma","","Adaptive Glaive","8.88%","∞%"
"glaives","3","Refusal of the Call","","Adaptive Glaive","8.31%","∞%"
"glaives","4","Ecliptic Distaff","","Adaptive Glaive","7.98%","∞%"
"glaives","5","Vexcalibur","","M1R Distribution Matrix","5.11%","∞%"
"glaives","6","Judgment of Kelgorath","","Aggressive Glaive","5.02%","∞%"
"glaives","7","Nezarec's Whisper","","Adaptive Glaive","4.48%","∞%"
"glaives","8","Rake Angle (Adept)","","Aggressive Glaive","3.87%","∞%"
"glaives","9","Lubrae's Ruin","","Adaptive Glaive","3.45%","∞%"
"glaives","10","Refusal of the Call","","Adaptive Glaive","3.36%","∞%"
"glaives","11","Greasy Luck","","Rapid-Fire Glaive","3.07%","∞%"
"glaives","12","Greasy Luck","","Rapid-Fire Glaive","2.88%","∞%"
"glaives","13","The Heron","","Aggressive Glaive","2.49%","∞%"
"glaives","14","Rake Angle","","Aggressive Glaive","2.35%","∞%"
"glaives","15","Forthcoming Deviance","","Rapid-Fire Glaive","2.18%","∞%"
"glaives","16","Albedo Wing","","Aggressive Glaive","2.08%","∞%"
"glaives","17","Backfang","","Rapid-Fire Glaive","1.97%","∞%"
"glaives","18","Greasy Luck (Adept)","","Rapid-Fire Glaive","1.85%","∞%"
"glaives","19","Greasy Luck","","Rapid-Fire Glaive","1.84%","∞%"
"glaives","20","Edge of Action","","Edge of Action","1.81%","∞%"
"glaives","21","Greasy Luck","","Rapid-Fire Glaive","1.69%","∞%"
"glaives","22","Edge of Concurrence","","Edge of Concurrence","1.67%","∞%"
"glaives","23","Unexpected Resurgence","","Adaptive Glaive","1.63%","∞%"
"glaives","24","Lubrae's Ruin (Adept)","","Adaptive Glaive","1.48%","∞%"
"glaives","25","Albedo Wing","","Aggressive Glaive","1.43%","∞%"
"glaives","26","Edge of Intent","","Edge of Intent","1.30%","∞%"
"glaives","27","Albedo Wing","","Aggressive Glaive","1.26%","∞%"
"glaives","28","Unexpected Resurgence (Adept)","","Adaptive Glaive","1.05%","∞%"
"glaives","29","Refusal of the Call","","Adaptive Glaive","0.99%","∞%"
"glaives","30","Rake Angle","","Aggressive Glaive","0.98%","∞%"
"glaives","31","Refusal of the Call (Adept)","","Adaptive Glaive","0.75%","∞%"
"glaives","32","Forthcoming Deviance (Adept)","","Rapid-Fire Glaive","0.63%","∞%"
"glaives","33","Refusal of the Call (Adept)","","Adaptive Glaive","0.63%","∞%"
"glaives","34","The Heron","","Aggressive Glaive","0.53%","∞%"
"glaives","35","The Heron","","Aggressive Glaive","0.49%","∞%"
"glaives","36","Greasy Luck (Adept)","","Rapid-Fire Glaive","0.43%","∞%"
"glaives","37","The Heron","","Aggressive Glaive","0.38%","∞%"
"glaives","38","Backfang","","Rapid-Fire Glaive","0.16%","∞%"
"grenade-launchers","1","Festival Flight","","Area Denial Frame","5.94%","∞%"
"grenade-launchers","2","Motif-41","","Area Denial Frame","4.34%","∞%"
"grenade-launchers","3","Ouster Engine","","Area Denial Frame","4.20%","∞%"
"grenade-launchers","4","Salvager's Salvo","","Lightweight Frame","3.20%","∞%"
"grenade-launchers","5","Gizmo Weft","","Micro-Missile Frame","2.95%","∞%"
"grenade-launchers","6","Outrageous Fortune","","Rapid-Fire Frame","2.94%","∞%"
"grenade-launchers","7","Lost Signal","","Area Denial Frame","2.54%","∞%"
"grenade-launchers","8","Theodolite","","Micro-Missile Frame","2.44%","∞%"
"grenade-launchers","9","Cataphract GL3","","Adaptive Frame","2.33%","∞%"
"grenade-launchers","10","Permafrost","","Wave Frame","2.26%","∞%"
"grenade-launchers","11","Festival Flight","","Area Denial Frame","2.23%","∞%"
"grenade-launchers","12","Psychopomp","","Area Denial Frame","2.13%","∞%"
"grenade-launchers","13","Edge Transit","","Adaptive Frame","1.97%","∞%"
"grenade-launchers","14","Liturgy","","Double Fire","1.72%","∞%"
"grenade-launchers","15","The Mountaintop","","Micro-Missile Frame","1.67%","∞%"
"grenade-launchers","16","Dimensional Hypotrochoid","","Compressed Wave Frame","1.49%","∞%"
"grenade-launchers","17","VS Velocity Baton","","Area Denial Frame","1.40%","∞%"
"grenade-launchers","18","Doomsday","","Adaptive Frame","1.39%","∞%"
"grenade-launchers","19","Romantic Death","","Wave Frame","1.36%","∞%"
"grenade-launchers","20","VS Chill Inhibitor","","Rapid-Fire Frame","1.29%","∞%"
"grenade-launchers","21","Forbearance","","Wave Frame","1.27%","∞%"
"grenade-launchers","22","Ouster Engine","","Area Denial Frame","1.26%","∞%"
"grenade-launchers","23","VS Velocity Baton","","Area Denial Frame","1.24%","∞%"
"grenade-launchers","24","Canis Major","","Rapid-Fire Frame","1.20%","∞%"
"grenade-launchers","25","Psychopomp","","Area Denial Frame","1.17%","∞%"
"grenade-launchers","26","The Mountaintop","","Micro-Missile Frame","1.11%","∞%"
"grenade-launchers","27","Hullabaloo","","Compressed Wave Frame","1.10%","∞%"
"grenade-launchers","28","Cry Mutiny","","Adaptive Frame","1.06%","∞%"
"grenade-launchers","29","Martyr's Retribution","","Wave Frame","1.02%","∞%"
"grenade-launchers","30","Wilderflight","","Double Fire","1.01%","∞%"
"grenade-launchers","31","Tusk of the Boar","","Wave Frame","1.01%","∞%"
"grenade-launchers","32","Typhon GL5","","Adaptive Frame","1.00%","∞%"
"grenade-launchers","33","Pardon Our Dust","","Lightweight Frame","0.98%","∞%"
"grenade-launchers","34","Dead Messenger","","Trinary Vision","0.98%","∞%"
"grenade-launchers","35","Edge Transit","","Adaptive Frame","0.96%","∞%"
"grenade-launchers","36","Permafrost","","Wave Frame","0.94%","∞%"
"grenade-launchers","37","Tarnation","","Rapid-Fire Frame","0.94%","∞%"
"grenade-launchers","38","Bitter/Sweet","","Adaptive Frame","0.93%","∞%"
"grenade-launchers","39","Regnant","","Adaptive Frame","0.92%","∞%"
"grenade-launchers","40","Edge Transit","","Adaptive Frame","0.86%","∞%"
"grenade-launchers","41","Koraxis's Distress","","Rapid-Fire Frame","0.79%","∞%"
"grenade-launchers","42","VS Chill Inhibitor","","Rapid-Fire Frame","0.79%","∞%"
"grenade-launchers","43","Harsh Language","","Wave Frame","0.76%","∞%"
"grenade-launchers","44","Ignition Code","","Lightweight Frame","0.75%","∞%"
"grenade-launchers","45","The Mountaintop","","Micro-Missile Frame","0.74%","∞%"
"grenade-launchers","46","Wild Style (Adept)","","Double Fire","0.72%","∞%"
"grenade-launchers","47","Love and Death","","Compressed Wave Frame","0.72%","∞%"
"grenade-launchers","48","Explosive Personality","","Wave Frame","0.70%","∞%"
"grenade-launchers","49","Memory Interdict","","Adaptive Frame","0.68%","∞%"
"grenade-launchers","50","Empty Vessel","","Lightweight Frame","0.66%","∞%"
"grenade-launchers","51","Forbearance","","Wave Frame","0.65%","∞%"
"grenade-launchers","52","Marsilion-C","","Rapid-Fire Frame","0.64%","∞%"
"grenade-launchers","53","Cataphract GL3","","Adaptive Frame","0.64%","∞%"
"grenade-launchers","54","Cataphract GL3 (Adept)","","Adaptive Frame","0.64%","∞%"
"grenade-launchers","55","Wilderflight","","Double Fire","0.63%","∞%"
"grenade-launchers","56","Wendigo GL3 (Adept)","","Adaptive Frame","0.62%","∞%"
"grenade-launchers","57","Wilderflight","","Double Fire","0.62%","∞%"
"grenade-launchers","58","Forbearance","","Wave Frame","0.61%","∞%"
"grenade-launchers","59","Wicked Sister","","Adaptive Frame","0.59%","∞%"
"grenade-launchers","60","Truthteller","","Lightweight Frame","0.59%","∞%"
"grenade-launchers","61","Lingering Dread","","Lightweight Frame","0.55%","∞%"
"grenade-launchers","62","Deafening Whisper","","Wave Frame","0.55%","∞%"
"grenade-launchers","63","Lingering Dread","","Lightweight Frame","0.55%","∞%"
"grenade-launchers","64","Salvager's Salvo","","Lightweight Frame","0.54%","∞%"
"grenade-launchers","65","Psychopomp","","Area Denial Frame","0.53%","∞%"
"grenade-launchers","66","New Pacific Epitaph","","Wave Frame","0.51%","∞%"
"grenade-launchers","67","Hullabaloo","","Compressed Wave Frame","0.51%","∞%"
"grenade-launchers","68","Interference VI","","Adaptive Frame","0.48%","∞%"
"grenade-launchers","69","Truthteller","","Lightweight Frame","0.48%","∞%"
"grenade-launchers","70","Hullabaloo","","Compressed Wave Frame","0.46%","∞%"
"grenade-launchers","71","Liturgy","","Double Fire","0.46%","∞%"
"grenade-launchers","72","Wilderflight","","Double Fire","0.44%","∞%"
"grenade-launchers","73","Prodigal Return","","Lightweight Frame","0.44%","∞%"
"grenade-launchers","74","Acosmic","","Rapid-Fire Frame","0.42%","∞%"
"grenade-launchers","75","Wilderflight (Adept)","","Double Fire","0.41%","∞%"
"grenade-launchers","76","Acosmic","","Rapid-Fire Frame","0.39%","∞%"
"grenade-launchers","77","Gizmo Weft","","Micro-Missile Frame","0.35%","∞%"
"grenade-launchers","78","New Pacific Epitaph","","Wave Frame","0.33%","∞%"
"grenade-launchers","79","New Pacific Epitaph","","Wave Frame","0.32%","∞%"
"grenade-launchers","80","Undercurrent (Adept)","","Wave Frame","0.32%","∞%"
"grenade-launchers","81","Blast Battue","","Adaptive Frame","0.31%","∞%"
"grenade-launchers","82","Canis Major","","Rapid-Fire Frame","0.31%","∞%"
"grenade-launchers","83","Outrageous Fortune","","Rapid-Fire Frame","0.27%","∞%"
"grenade-launchers","84","Forbearance","","Wave Frame","0.26%","∞%"
"grenade-launchers","85","Acosmic","","Rapid-Fire Frame","0.26%","∞%"
"grenade-launchers","86","Ignition Code","","Lightweight Frame","0.26%","∞%"
"grenade-launchers","87","Wild Style","","Double Fire","0.25%","∞%"
"grenade-launchers","88","Forbearance (Adept)","","Wave Frame","0.25%","∞%"
"grenade-launchers","89","Koraxis's Distress (Adept)","","Rapid-Fire Frame","0.24%","∞%"
"grenade-launchers","90","Crowd Pleaser","","Adaptive Frame","0.23%","∞%"
"grenade-launchers","91","Psychopomp (Adept)","","Area Denial Frame","0.22%","∞%"
"grenade-launchers","92","Swarm of the Raven","","Rapid-Fire Frame","0.22%","∞%"
"grenade-launchers","93","Berenger's Memory","","Rapid-Fire Frame","0.20%","∞%"
"grenade-launchers","94","New Pacific Epitaph","","Wave Frame","0.20%","∞%"
"grenade-launchers","95","New Pacific Epitaph (Adept)","","Wave Frame","0.20%","∞%"
"grenade-launchers","96","Wendigo GL3 (Adept)","","Adaptive Frame","0.18%","∞%"
"grenade-launchers","97","Romantic Death","","Wave Frame","0.16%","∞%"
"grenade-launchers","98","Orewing's Maul","","Lightweight Frame","0.16%","∞%"
"grenade-launchers","99","Undercurrent (Adept)","","Wave Frame","0.16%","∞%"
"grenade-launchers","100","The Ever-Present","","Rapid-Fire Frame","0.16%","∞%"
"hand-cannons","1","Service Revolver","","Precision Frame","3.90%","∞%"
"hand-cannons","2","Uncivil Discourse","","Dynamic Heat Weapon","3.41%","∞%"
"hand-cannons","3","Kindled Orchid","","Adaptive Frame","2.54%","∞%"
"hand-cannons","4","Crimil's Dagger","","Aggressive Frame","2.49%","∞%"
"hand-cannons","5","Better Devils","","Adaptive Frame","2.44%","∞%"
"hand-cannons","6","The Palindrome","","Adaptive Frame","2.30%","∞%"
"hand-cannons","7","Spare Rations","","Lightweight Frame","2.18%","∞%"
"hand-cannons","8","Modified B-7 Pistol","","Dynamic Heat Weapon","2.15%","∞%"
"hand-cannons","9","Eyasluna","","Adaptive Frame","2.08%","∞%"
"hand-cannons","10","Survivor's Epitaph","","Precision Frame","2.02%","∞%"
"hand-cannons","11","Hawkmoon","","Paracausal Shot","1.91%","∞%"
"hand-cannons","12","IRONWOOD 03","","Spread Shot","1.88%","∞%"
"hand-cannons","13","D.F.A.","","Adaptive Frame","1.78%","∞%"
"hand-cannons","14","Sarpedon-D","","Spread Shot","1.72%","∞%"
"hand-cannons","15","Phoneutria Fera","","Spread Shot","1.59%","∞%"
"hand-cannons","16","Triple Laureate","","Spread Shot","1.59%","∞%"
"hand-cannons","17","Corundum Hammer","","Adaptive Frame","1.54%","∞%"
"hand-cannons","18","Igneous Hammer","","Aggressive Frame","1.44%","∞%"
"hand-cannons","19","Trust","","Precision Frame","1.35%","∞%"
"hand-cannons","20","Zaouli's Bane","","Adaptive Frame","1.30%","∞%"
"hand-cannons","21","Seventh Seraph Officer Revolver","","Precision Frame","1.28%","∞%"
"hand-cannons","22","Mos Athanor IV","","Aggressive Frame","1.27%","∞%"
"hand-cannons","23","Agape","","Heavy Burst","1.23%","∞%"
"hand-cannons","24","Rose","","Lightweight Frame","1.17%","∞%"
"hand-cannons","25","Solemn Remembrance","","Precision Frame","1.13%","∞%"
"hand-cannons","26","Vulpecula","","Precision Frame","1.00%","∞%"
"hand-cannons","27","Rose","","Lightweight Frame","1.00%","∞%"
"hand-cannons","28","Uncivil Discourse","","Dynamic Heat Weapon","0.95%","∞%"
"hand-cannons","29","Aureus Neutralizer","","Spread Shot","0.93%","∞%"
"hand-cannons","30","Midnight Coup","","Adaptive Frame","0.92%","∞%"
"hand-cannons","31","Luna's Howl","","Precision Frame","0.92%","∞%"
"hand-cannons","32","Fatebringer","","Adaptive Frame","0.89%","∞%"
"hand-cannons","33","Zaouli's Bane","","Adaptive Frame","0.84%","∞%"
"hand-cannons","34","Epochal Integration","","Adaptive Frame","0.84%","∞%"
"hand-cannons","35","Austringer","","Adaptive Frame","0.84%","∞%"
"hand-cannons","36","Exalted Truth","","Adaptive Frame","0.81%","∞%"
"hand-cannons","37","Mos Athanor IV","","Aggressive Frame","0.80%","∞%"
"hand-cannons","38","Finite Impactor","","Adaptive Frame","0.77%","∞%"
"hand-cannons","39","Unloved","","Heavy Burst","0.76%","∞%"
"hand-cannons","40","Midnight Coup","","Adaptive Frame","0.75%","∞%"
"hand-cannons","41","Nation of Beasts","","Adaptive Frame","0.75%","∞%"
"hand-cannons","42","Crimil's Dagger","","Aggressive Frame","0.74%","∞%"
"hand-cannons","43","Modified B-7 Pistol","","Dynamic Heat Weapon","0.73%","∞%"
"hand-cannons","44","Something New","","Aggressive Frame","0.73%","∞%"
"hand-cannons","45","Eyasluna","","Adaptive Frame","0.72%","∞%"
"hand-cannons","46","Bold Endings","","Heavy Burst","0.72%","∞%"
"hand-cannons","47","Judgment","","Adaptive Frame","0.71%","∞%"
"hand-cannons","48","Word of Crota","","Precision Frame","0.71%","∞%"
"hand-cannons","49","Fatebringer (Timelost)","","Adaptive Frame","0.69%","∞%"
"hand-cannons","50","Luna's Howl","","Precision Frame","0.69%","∞%"
"hand-cannons","51","Fatebringer (Timelost)","","Adaptive Frame","0.67%","∞%"
"hand-cannons","52","The Palindrome (Adept)","","Adaptive Frame","0.66%","∞%"
"hand-cannons","53","Sightline Survey","","Precision Frame","0.64%","∞%"
"hand-cannons","54","Kindled Orchid","","Adaptive Frame","0.63%","∞%"
"hand-cannons","55","Graviton Spike","","Temporal Manipulation","0.63%","∞%"
"hand-cannons","56","Solemn Lie","","Lightweight Frame","0.61%","∞%"
"hand-cannons","57","Malediction","","Aggressive Frame","0.60%","∞%"
"hand-cannons","58","Exalted Truth","","Adaptive Frame","0.58%","∞%"
"hand-cannons","59","Warden's Law (Adept)","","Heavy Burst","0.57%","∞%"
"hand-cannons","60","Exalted Truth (Adept)","","Adaptive Frame","0.56%","∞%"
"hand-cannons","61","Dire Promise","","Adaptive Frame","0.56%","∞%"
"hand-cannons","62","Posterity","","Precision Frame","0.55%","∞%"
"hand-cannons","63","Fatebringer","","Adaptive Frame","0.55%","∞%"
"hand-cannons","64","Triple Laureate","","Spread Shot","0.54%","∞%"
"hand-cannons","65","Unloved","","Heavy Burst","0.54%","∞%"
"hand-cannons","66","Spare Rations","","Adaptive Frame","0.52%","∞%"
"hand-cannons","67","Yesterday's Question","","Heavy Burst","0.52%","∞%"
"hand-cannons","68","The Palindrome (Adept)","","Adaptive Frame","0.51%","∞%"
"hand-cannons","69","Igneous Hammer (Adept)","","Aggressive Frame","0.51%","∞%"
"hand-cannons","70","Zaouli's Bane (Harrowed)","","Adaptive Frame","0.50%","∞%"
"hand-cannons","71","Maahes HC4","","Heavy Burst","0.50%","∞%"
"hand-cannons","72","Round Robin","","Aggressive Frame","0.49%","∞%"
"hand-cannons","73","Kept Confidence","","Adaptive Frame","0.49%","∞%"
"hand-cannons","74","Sixth Sense","","Aggressive Frame","0.48%","∞%"
"hand-cannons","75","Cantata-57","","Adaptive Frame","0.47%","∞%"
"hand-cannons","76","Vulpecula","","Precision Frame","0.47%","∞%"
"hand-cannons","77","D.F.A.","","Adaptive Frame","0.46%","∞%"
"hand-cannons","78","True Prophecy","","Aggressive Frame","0.46%","∞%"
"hand-cannons","79","Better Devils","","Adaptive Frame","0.45%","∞%"
"hand-cannons","80","Loud Lullaby","","Aggressive Frame","0.45%","∞%"
"hand-cannons","81","Igneous Hammer","","Aggressive Frame","0.45%","∞%"
"hand-cannons","82","Targeted Redaction","","Aggressive Frame","0.44%","∞%"
"hand-cannons","83","Midnight Coup","","Adaptive Frame","0.43%","∞%"
"hand-cannons","84","Luna's Howl","","Precision Frame","0.43%","∞%"
"hand-cannons","85","Service Revolver","","Precision Frame","0.42%","∞%"
"hand-cannons","86","Trust","","Precision Frame","0.42%","∞%"
"hand-cannons","87","Exuviae","","Aggressive Frame","0.41%","∞%"
"hand-cannons","88","Bottom Dollar","","Aggressive Frame","0.41%","∞%"
"hand-cannons","89","Waking Vigil","","Lightweight Frame","0.41%","∞%"
"hand-cannons","90","True Prophecy","","Aggressive Frame","0.41%","∞%"
"hand-cannons","91","Combined Action","","Aggressive Frame","0.39%","∞%"
"hand-cannons","92","The Palindrome","","Adaptive Frame","0.35%","∞%"
"hand-cannons","93","Igneous Hammer","","Aggressive Frame","0.33%","∞%"
"hand-cannons","94","Something New","","Aggressive Frame","0.33%","∞%"
"hand-cannons","95","Ancient Gospel","","Adaptive Frame","0.32%","∞%"
"hand-cannons","96","Survivor's Epitaph","","Precision Frame","0.30%","∞%"
"hand-cannons","97","The Steady Hand","","Aggressive Frame","0.30%","∞%"
"hand-cannons","98","Waking Vigil","","Adaptive Frame","0.29%","∞%"
"hand-cannons","99","IKELOS_HC_v1.0.3","","Precision Frame","0.29%","∞%"
"hand-cannons","100","Igneous Hammer (Adept)","","Aggressive Frame","0.29%","∞%"
"linear-fusion-rifles","1","Mistral Lift","","Adaptive Burst","12.88%","∞%"
"linear-fusion-rifles","2","Boomslang-4fr","","Adaptive Burst","7.59%","∞%"
"linear-fusion-rifles","3","Taipan-4fr","","Precision Frame","6.87%","∞%"
"linear-fusion-rifles","4","Eyes Unveiled","","Precision Frame","6.25%","∞%"
"linear-fusion-rifles","5","Cataclysmic","","Precision Frame","6.11%","∞%"
"linear-fusion-rifles","6","Suspectum-4fr","","Precision Frame","4.76%","∞%"
"linear-fusion-rifles","7","Scintillation (Adept)","","Adaptive Burst","4.46%","∞%"
"linear-fusion-rifles","8","Briar's Contempt","","Adaptive Burst","4.44%","∞%"
"linear-fusion-rifles","9","Mistral Lift","","Adaptive Burst","4.24%","∞%"
"linear-fusion-rifles","10","Doomed Petitioner","","Adaptive Burst","4.06%","∞%"
"linear-fusion-rifles","11","Stormchaser","","Adaptive Burst","3.82%","∞%"
"linear-fusion-rifles","12","Willful Hamartia","","Adaptive Burst","3.77%","∞%"
"linear-fusion-rifles","13","Line in the Sand","","Precision Frame","3.42%","∞%"
"linear-fusion-rifles","14","Stormchaser","","Adaptive Burst","3.37%","∞%"
"linear-fusion-rifles","15","Reed's Regret","","Precision Frame","3.11%","∞%"
"linear-fusion-rifles","16","Threaded Needle","","Precision Frame","2.18%","∞%"
"linear-fusion-rifles","17","Fire and Forget","","Adaptive Burst","2.08%","∞%"
"linear-fusion-rifles","18","Sailspy Pitchglass","","Precision Frame","2.02%","∞%"
"linear-fusion-rifles","19","Eyes Unveiled","","Precision Frame","1.98%","∞%"
"linear-fusion-rifles","20","Reed's Regret (Adept)","","Precision Frame","1.40%","∞%"
"linear-fusion-rifles","21","Scintillation","","Adaptive Burst","1.38%","∞%"
"linear-fusion-rifles","22","Tarantula","","Precision Frame","1.29%","∞%"
"linear-fusion-rifles","23","Mistral Lift","","Adaptive Burst","1.17%","∞%"
"linear-fusion-rifles","24","Laser Painter","","Precision Frame","1.16%","∞%"
"linear-fusion-rifles","25","Cataclysmic (Adept)","","Precision Frame","1.11%","∞%"
"linear-fusion-rifles","26","Eyes Unveiled","","Precision Frame","1.09%","∞%"
"linear-fusion-rifles","27","Briar's Contempt (Adept)","","Adaptive Burst","0.97%","∞%"
"linear-fusion-rifles","28","Corsair's Wrath","","Precision Frame","0.87%","∞%"
"linear-fusion-rifles","29","Eyes Unveiled (Adept)","","Precision Frame","0.77%","∞%"
"linear-fusion-rifles","30","Scintillation","","Adaptive Burst","0.37%","∞%"
"linear-fusion-rifles","31","Crooked Fang-4fr","","Precision Frame","0.36%","∞%"
"linear-fusion-rifles","32","Eyes Unveiled (Adept)","","Precision Frame","0.32%","∞%"
"linear-fusion-rifles","33","Line in the Sand","","Precision Frame","0.21%","∞%"
"linear-fusion-rifles","34","Reed's Regret","","Precision Frame","0.10%","∞%"
"linear-fusion-rifles","35","Laser Painter","","Precision Frame","0.05%","∞%"
"machine-guns","1","Qua Vinctus IV","","High-Impact Frame","8.79%","∞%"
"machine-guns","2","Hammerhead","","Adaptive Frame","6.78%","∞%"
"machine-guns","3","Bitter End","","Balanced Heat Weapon","6.14%","∞%"
"machine-guns","4","Unwavering Duty","","Adaptive Frame","3.91%","∞%"
"machine-guns","5","21% Delirium","","Rapid-Fire Frame","3.59%","∞%"
"machine-guns","6","DIABLERETS 06","","Rapid-Fire Frame","3.58%","∞%"
"machine-guns","7","Commemoration","","Adaptive Frame","3.40%","∞%"
"machine-guns","8","Seventh Seraph SAW","","High-Impact Frame","3.16%","∞%"
"machine-guns","9","Pro Memoria","","Aggressive Frame","3.10%","∞%"
"machine-guns","10","Chain of Command","","Adaptive Frame","2.88%","∞%"
"machine-guns","11","Dawn Far Off","","Aggressive Frame","2.75%","∞%"
"machine-guns","12","Qua Vinctus IV","","High-Impact Frame","2.52%","∞%"
"machine-guns","13","Ulterior Observation","","Aggressive Frame","2.36%","∞%"
"machine-guns","14","Retrofit Escapade","","Rapid-Fire Frame","2.26%","∞%"
"machine-guns","15","Hammerhead","","Adaptive Frame","2.17%","∞%"
"machine-guns","16","Hammerhead","","Adaptive Frame","2.01%","∞%"
"machine-guns","17","Temporal Clause","","Aggressive Frame","1.98%","∞%"
"machine-guns","18","Corrective Measure","","Aggressive Frame","1.96%","∞%"
"machine-guns","19","Bane of Sorrow","","High-Impact Frame","1.91%","∞%"
"machine-guns","20","Watchful Eye","","Aggressive Frame","1.80%","∞%"
"machine-guns","21","Marcato-45","","Adaptive Frame","1.78%","∞%"
"machine-guns","22","Terminus Horizon","","High-Impact Frame","1.71%","∞%"
"machine-guns","23","Song of Ir Yût","","Adaptive Frame","1.37%","∞%"
"machine-guns","24","Qua Furor V","","Aggressive Frame","1.32%","∞%"
"machine-guns","25","Thermal Erosion","","Rapid-Fire Frame","1.29%","∞%"
"machine-guns","26","Dawn Far Off","","Aggressive Frame","1.22%","∞%"
"machine-guns","27","Fixed Odds","","High-Impact Frame","1.20%","∞%"
"machine-guns","28","Speleologist","","Rapid-Fire Frame","1.18%","∞%"
"machine-guns","29","Corrective Measure","","Adaptive Frame","1.03%","∞%"
"machine-guns","30","A Fine Memorial","","Adaptive Frame","0.97%","∞%"
"machine-guns","31","Circular Logic","","Adaptive Frame","0.86%","∞%"
"machine-guns","32","Seventh Seraph SAW","","High-Impact Frame","0.85%","∞%"
"machine-guns","33","Qullim's Terminus","","High-Impact Frame","0.84%","∞%"
"machine-guns","34","Hammerhead","","Adaptive Frame","0.83%","∞%"
"machine-guns","35","Terminus Horizon","","High-Impact Frame","0.80%","∞%"
"machine-guns","36","Watchful Eye","","Aggressive Frame","0.79%","∞%"
"machine-guns","37","Archon's Thunder","","High-Impact Frame","0.78%","∞%"
"machine-guns","38","Planck's Stride","","Rapid-Fire Frame","0.64%","∞%"
"machine-guns","39","Shattered Cipher","","Rapid-Fire Frame","0.64%","∞%"
"machine-guns","40","Eleatic Principle","","Rapid-Fire Frame","0.62%","∞%"
"machine-guns","41","Corrective Measure (Timelost)","","Aggressive Frame","0.62%","∞%"
"machine-guns","42","Circular Logic","","Adaptive Frame","0.61%","∞%"
"machine-guns","43","Terminus Horizon (Adept)","","High-Impact Frame","0.60%","∞%"
"machine-guns","44","Recurrent Impact","","Rapid-Fire Frame","0.58%","∞%"
"machine-guns","45","Watchful Eye","","Aggressive Frame","0.54%","∞%"
"machine-guns","46","Avalanche","","Adaptive Frame","0.52%","∞%"
"machine-guns","47","Archon's Thunder","","High-Impact Frame","0.51%","∞%"
"machine-guns","48","Hammerhead","","Adaptive Frame","0.51%","∞%"
"machine-guns","49","Avalanche","","Adaptive Frame","0.51%","∞%"
"machine-guns","50","Watchful Eye (Adept)","","Aggressive Frame","0.50%","∞%"
"machine-guns","51","Unwavering Duty","","Adaptive Frame","0.47%","∞%"
"machine-guns","52","Qua Xaphan V","","High-Impact Frame","0.45%","∞%"
"machine-guns","53","Avalanche","","Adaptive Frame","0.43%","∞%"
"machine-guns","54","Terminus Horizon","","High-Impact Frame","0.42%","∞%"
"machine-guns","55","THE SWARM (Adept)","","High-Impact Frame","0.39%","∞%"
"machine-guns","56","Corrective Measure (Timelost)","","Adaptive Frame","0.38%","∞%"
"machine-guns","57","Song of Ir Yût (Adept)","","Adaptive Frame","0.37%","∞%"
"machine-guns","58","Avalanche","","Adaptive Frame","0.37%","∞%"
"machine-guns","59","Unwavering Duty","","Adaptive Frame","0.32%","∞%"
"machine-guns","60","THE SWARM (Adept)","","High-Impact Frame","0.32%","∞%"
"machine-guns","61","THE SWARM","","High-Impact Frame","0.31%","∞%"
"machine-guns","62","Qullim's Terminus (Harrowed)","","High-Impact Frame","0.31%","∞%"
"machine-guns","63","Bane of Sorrow","","High-Impact Frame","0.28%","∞%"
"machine-guns","64","Terminus Horizon","","High-Impact Frame","0.27%","∞%"
"machine-guns","65","Thermal Erosion","","Rapid-Fire Frame","0.26%","∞%"
"machine-guns","66","Unwavering Duty (Adept)","","Adaptive Frame","0.22%","∞%"
"machine-guns","67","THE SWARM","","High-Impact Frame","0.21%","∞%"
"machine-guns","68","A Fine Memorial","","Adaptive Frame","0.17%","∞%"
"machine-guns","69","Watchful Eye (Adept)","","Aggressive Frame","0.17%","∞%"
"machine-guns","70","Unwavering Duty (Adept)","","Adaptive Frame","0.16%","∞%"
"machine-guns","71","Temporal Clause","","Rapid-Fire Frame","0.15%","∞%"
"machine-guns","72","Terminus Horizon (Adept)","","High-Impact Frame","0.10%","∞%"
"machine-guns","73","Archon's Thunder","","High-Impact Frame","0.08%","∞%"
"machine-guns","74","Fixed Odds","","High-Impact Frame","0.06%","∞%"
"machine-guns","75","Bane of Sorrow","","High-Impact Frame","0.05%","∞%"
"pulse-rifles","1","Mint Retrograde","","Micro-Missile Frame","7.34%","∞%"
"pulse-rifles","2","Mint Retrograde","","Micro-Missile Frame","5.69%","∞%"
"pulse-rifles","3","Nightshade","","Lightweight Frame","3.67%","∞%"
"pulse-rifles","4","Joxer's Longsword","","Heavy Burst","3.49%","∞%"
"pulse-rifles","5","Psi Aeterna IV","","Micro-Missile Frame","3.33%","∞%"
"pulse-rifles","6","High Tyrant","","Balanced Heat Weapon","3.05%","∞%"
"pulse-rifles","7","Autumn Wind","","Rapid-Fire Frame","2.68%","∞%"
"pulse-rifles","8","Horror's Least","","Rapid-Fire Frame","2.47%","∞%"
"pulse-rifles","9","Blast Furnace","","Aggressive Burst","2.45%","∞%"
"pulse-rifles","10","Chattering Bone","","Lightweight Frame","2.43%","∞%"
"pulse-rifles","11","The Time-Worn Spire","","Rapid-Fire Frame","2.41%","∞%"
"pulse-rifles","12","The Martlet","","Lightweight Frame","2.31%","∞%"
"pulse-rifles","13","Outbreak Perfected","","The Corruption Spreads","2.08%","∞%"
"pulse-rifles","14","BxR-55 Battler","","Legacy PR-55 Frame","2.06%","∞%"
"pulse-rifles","15","Gridskipper","","Rapid-Fire Frame","2.06%","∞%"
"pulse-rifles","16","Infinite Paths 8","","Lightweight Frame","2.04%","∞%"
"pulse-rifles","17","All or Nothing","","Dynamic Heat Weapon","1.90%","∞%"
"pulse-rifles","18","Bygones","","Adaptive Frame","1.75%","∞%"
"pulse-rifles","19","Psi Aeterna IV","","Micro-Missile Frame","1.66%","∞%"
"pulse-rifles","20","Mint Retrograde","","Micro-Missile Frame","1.62%","∞%"
"pulse-rifles","21","Last Thursday","","Adaptive Frame","1.29%","∞%"
"pulse-rifles","22","Veillantif-D","","Micro-Missile Frame","1.21%","∞%"
"pulse-rifles","23","Stars in Shadow","","High-Impact Frame","1.21%","∞%"
"pulse-rifles","24","Darkest Before","","Rapid-Fire Frame","1.12%","∞%"
"pulse-rifles","25","The Messenger","","High-Impact Frame","1.03%","∞%"
"pulse-rifles","26","Elsie's Rifle","","High-Impact Frame","0.90%","∞%"
"pulse-rifles","27","Revision Zero","","Hunter's Trace","0.85%","∞%"
"pulse-rifles","28","Relentless","","High-Impact Frame","0.84%","∞%"
"pulse-rifles","29","Veles-X","","Aggressive Burst","0.77%","∞%"
"pulse-rifles","30","All or Nothing","","Dynamic Heat Weapon","0.75%","∞%"
"pulse-rifles","31","Blast Furnace","","Aggressive Burst","0.74%","∞%"
"pulse-rifles","32","Phyllotactic Spiral","","High-Impact Frame","0.72%","∞%"
"pulse-rifles","33","Claws of the Wolf","","Rapid-Fire Frame","0.69%","∞%"
"pulse-rifles","34","Syncopation-53","","Adaptive Frame","0.68%","∞%"
"pulse-rifles","35","Aisha's Care","","Heavy Burst","0.68%","∞%"
"pulse-rifles","36","Joxer's Longsword","","Heavy Burst","0.67%","∞%"
"pulse-rifles","37","Hailing Confusion","","Adaptive Frame","0.62%","∞%"
"pulse-rifles","38","Piece of Mind","","Rapid-Fire Frame","0.60%","∞%"
"pulse-rifles","39","Nullify","","Heavy Burst","0.60%","∞%"
"pulse-rifles","40","Chattering Bone","","Lightweight Frame","0.59%","∞%"
"pulse-rifles","41","Insidious","","Aggressive Burst","0.59%","∞%"
"pulse-rifles","42","Horror's Least","","Rapid-Fire Frame","0.58%","∞%"
"pulse-rifles","43","Disparity","","Aggressive Burst","0.56%","∞%"
"pulse-rifles","44","Redrix's Estoc","","Legacy PR-55 Frame","0.54%","∞%"
"pulse-rifles","45","Redrix's Estoc","","Legacy PR-55 Frame","0.54%","∞%"
"pulse-rifles","46","Blast Furnace","","Aggressive Burst","0.53%","∞%"
"pulse-rifles","47","Premonition","","High-Impact Frame","0.52%","∞%"
"pulse-rifles","48","New Purpose","","High-Impact Frame","0.52%","∞%"
"pulse-rifles","49","Aisha's Care","","Heavy Burst","0.51%","∞%"
"pulse-rifles","50","Oversoul Edict","","Rapid-Fire Frame","0.51%","∞%"
"pulse-rifles","51","Battle Scar","","Lightweight Frame","0.50%","∞%"
"pulse-rifles","52","Smite of Merain","","Adaptive Frame","0.50%","∞%"
"pulse-rifles","53","Bygones","","Adaptive Frame","0.49%","∞%"
"pulse-rifles","54","Elsie's Rifle","","High-Impact Frame","0.47%","∞%"
"pulse-rifles","55","Psi Hermetic V","","High-Impact Frame","0.47%","∞%"
"pulse-rifles","56","Cruel Mercy (Adept)","","Heavy Burst","0.47%","∞%"
"pulse-rifles","57","Corrasion","","Heavy Burst","0.47%","∞%"
"pulse-rifles","58","Vantage Point","","Adaptive Frame","0.46%","∞%"
"pulse-rifles","59","Different Times","","Rapid-Fire Frame","0.45%","∞%"
"pulse-rifles","60","Elsie's Rifle","","High-Impact Frame","0.43%","∞%"
"pulse-rifles","61","The Messenger","","High-Impact Frame","0.40%","∞%"
"pulse-rifles","62","Chattering Bone","","Lightweight Frame","0.40%","∞%"
"pulse-rifles","63","Ogma PR6","","Lightweight Frame","0.40%","∞%"
"pulse-rifles","64","Scalar Potential","","Rapid-Fire Frame","0.38%","∞%"
"pulse-rifles","65","Battle Scar","","Lightweight Frame","0.36%","∞%"
"pulse-rifles","66","Veillantif-D","","Micro-Missile Frame","0.36%","∞%"
"pulse-rifles","67","Stay Frosty","","Lightweight Frame","0.35%","∞%"
"pulse-rifles","68","Joxer's Longsword","","Heavy Burst","0.35%","∞%"
"pulse-rifles","69","Gridskipper","","Rapid-Fire Frame","0.35%","∞%"
"pulse-rifles","70","Aisha's Care (Adept)","","Heavy Burst","0.35%","∞%"
"pulse-rifles","71","Gridskipper","","Rapid-Fire Frame","0.34%","∞%"
"pulse-rifles","72","Autumn Wind","","Rapid-Fire Frame","0.34%","∞%"
"pulse-rifles","73","Adhortative","","Adaptive Frame","0.34%","∞%"
"pulse-rifles","74","Relentless","","High-Impact Frame","0.32%","∞%"
"pulse-rifles","75","Nightshade","","Lightweight Frame","0.32%","∞%"
"pulse-rifles","76","Sacred Provenance","","Aggressive Burst","0.32%","∞%"
"pulse-rifles","77","Jorum's Claw","","Adaptive Frame","0.31%","∞%"
"pulse-rifles","78","Belisarius-D","","Aggressive Burst","0.31%","∞%"
"pulse-rifles","79","Relentless","","High-Impact Frame","0.31%","∞%"
"pulse-rifles","80","Cold Denial","","High-Impact Frame","0.30%","∞%"
"pulse-rifles","81","Blast Furnace","","Aggressive Burst","0.30%","∞%"
"pulse-rifles","82","The Messenger","","High-Impact Frame","0.30%","∞%"
"pulse-rifles","83","Stars in Shadow","","High-Impact Frame","0.29%","∞%"
"pulse-rifles","84","Relentless","","High-Impact Frame","0.29%","∞%"
"pulse-rifles","85","Last Perdition","","Adaptive Frame","0.29%","∞%"
"pulse-rifles","86","Darkest Before","","Rapid-Fire Frame","0.28%","∞%"
"pulse-rifles","87","The Third Axiom","","Adaptive Frame","0.28%","∞%"
"pulse-rifles","88","Darkest Before","","Rapid-Fire Frame","0.27%","∞%"
"pulse-rifles","89","Forge's Pledge","","Adaptive Frame","0.27%","∞%"
"pulse-rifles","90","Smite of Merain (Harrowed)","","Adaptive Frame","0.27%","∞%"
"pulse-rifles","91","The Messenger (Adept)","","High-Impact Frame","0.26%","∞%"
"pulse-rifles","92","New Purpose","","High-Impact Frame","0.26%","∞%"
"pulse-rifles","93","Stay Frosty","","Lightweight Frame","0.24%","∞%"
"pulse-rifles","94","Outlast","","Rapid-Fire Frame","0.24%","∞%"
"pulse-rifles","95","Jurassic Green","","Rapid-Fire Frame","0.23%","∞%"
"pulse-rifles","96","Sacred Provenance","","Aggressive Burst","0.22%","∞%"
"pulse-rifles","97","Jurassic Green","","Rapid-Fire Frame","0.22%","∞%"
"pulse-rifles","98","Legal Action II","","High-Impact Frame","0.22%","∞%"
"pulse-rifles","99","Cruel Mercy","","Heavy Burst","0.22%","∞%"
"pulse-rifles","100","Jian 7 Rifle","","Adaptive Frame","0.22%","∞%"
"rocket-launchers","1","Cynosure","","Adaptive Frame","10.70%","∞%"
"rocket-launchers","2","Roar of the Bear","","High-Impact Frame","6.92%","∞%"
"rocket-launchers","3","The Hothead","","Adaptive Frame","6.37%","∞%"
"rocket-launchers","4","Apex Predator","","Adaptive Frame","4.93%","∞%"
"rocket-launchers","5","Hezen Vengeance","","Aggressive Frame","4.49%","∞%"
"rocket-launchers","6","Haliaetus","","High-Impact Frame","3.96%","∞%"
"rocket-launchers","7","Crux Termination IV","","Aggressive Frame","3.41%","∞%"
"rocket-launchers","8","Bellowing Giant","","Adaptive Frame","3.09%","∞%"
"rocket-launchers","9","Palmyra-B","","Precision Frame","2.56%","∞%"
"rocket-launchers","10","Ascendancy","","Precision Frame","2.48%","∞%"
"rocket-launchers","11","Crowning Duologue","","Precision Frame","2.01%","∞%"
"rocket-launchers","12","Pyroclastic Flow","","Precision Frame","1.98%","∞%"
"rocket-launchers","13","Folded Root","","Aggressive Frame","1.96%","∞%"
"rocket-launchers","14","Micromort","","Precision Frame","1.95%","∞%"
"rocket-launchers","15","Tomorrow's Answer","","High-Impact Frame","1.94%","∞%"
"rocket-launchers","16","Bad Omens","","Aggressive Frame","1.61%","∞%"
"rocket-launchers","17","Hezen Vengeance (Timelost)","","Aggressive Frame","1.57%","∞%"
"rocket-launchers","18","The Hothead","","Adaptive Frame","1.44%","∞%"
"rocket-launchers","19","Cold Comfort","","Aggressive Frame","1.35%","∞%"
"rocket-launchers","20","The Hothead (Adept)","","Adaptive Frame","1.35%","∞%"
"rocket-launchers","21","The When and Where","","Adaptive Frame","1.35%","∞%"
"rocket-launchers","22","Bump in the Night","","Aggressive Frame","1.32%","∞%"
"rocket-launchers","23","Red Herring","","Adaptive Frame","1.27%","∞%"
"rocket-launchers","24","Bad Omens","","Aggressive Frame","1.19%","∞%"
"rocket-launchers","25","The Hothead","","Adaptive Frame","1.18%","∞%"
"rocket-launchers","26","Faith-Keeper","","Precision Frame","1.18%","∞%"
"rocket-launchers","27","Semiotician","","High-Impact Frame","1.16%","∞%"
"rocket-launchers","28","Hezen Vengeance","","Aggressive Frame","1.11%","∞%"
"rocket-launchers","29","Crux Celeritas IV","","Aggressive Frame","1.11%","∞%"
"rocket-launchers","30","Sleepless","","High-Impact Frame","1.10%","∞%"
"rocket-launchers","31","Subzero Salvo","","Precision Frame","1.09%","∞%"
"rocket-launchers","32","Cold Comfort","","Aggressive Frame","1.08%","∞%"
"rocket-launchers","33","Code Duello","","High-Impact Frame","1.08%","∞%"
"rocket-launchers","34","Cynosure","","Adaptive Frame","1.04%","∞%"
"rocket-launchers","35","Tomorrow's Answer","","High-Impact Frame","0.99%","∞%"
"rocket-launchers","36","Cold Comfort","","Aggressive Frame","0.95%","∞%"
"rocket-launchers","37","Royal Entry","","Precision Frame","0.93%","∞%"
"rocket-launchers","38","Blowout","","Adaptive Frame","0.87%","∞%"
"rocket-launchers","39","Heretic","","Aggressive Frame","0.77%","∞%"
"rocket-launchers","40","Crowning Duologue","","Precision Frame","0.77%","∞%"
"rocket-launchers","41","Cynosure","","Adaptive Frame","0.75%","∞%"
"rocket-launchers","42","BrayTech Osprey (Adept)","","High-Impact Frame","0.72%","∞%"
"rocket-launchers","43","Bellowing Giant","","Adaptive Frame","0.68%","∞%"
"rocket-launchers","44","Micromort","","Precision Frame","0.67%","∞%"
"rocket-launchers","45","Cold Comfort","","Aggressive Frame","0.63%","∞%"
"rocket-launchers","46","Cold Comfort (Adept)","","Aggressive Frame","0.57%","∞%"
"rocket-launchers","47","Roar of the Bear","","High-Impact Frame","0.55%","∞%"
"rocket-launchers","48","Tomorrow's Answer (Adept)","","High-Impact Frame","0.54%","∞%"
"rocket-launchers","49","Sleepless","","High-Impact Frame","0.50%","∞%"
"rocket-launchers","50","Roar of the Bear","","High-Impact Frame","0.50%","∞%"
"rocket-launchers","51","Tomorrow's Answer","","High-Impact Frame","0.49%","∞%"
"rocket-launchers","52","Subzero Salvo","","Precision Frame","0.49%","∞%"
"rocket-launchers","53","Hezen Vengeance (Timelost)","","Aggressive Frame","0.47%","∞%"
"rocket-launchers","54","Hoosegow","","Adaptive Frame","0.42%","∞%"
"rocket-launchers","55","Sleepless","","High-Impact Frame","0.42%","∞%"
"rocket-launchers","56","Heretic","","Aggressive Frame","0.41%","∞%"
"rocket-launchers","57","Heretic's Fervor","","Aggressive Frame","0.38%","∞%"
"rocket-launchers","58","Crux Celeritas IV","","Aggressive Frame","0.35%","∞%"
"rocket-launchers","59","Crowning Duologue","","Precision Frame","0.35%","∞%"
"rocket-launchers","60","Apex Predator","","Adaptive Frame","0.29%","∞%"
"rocket-launchers","61","Shining Sphere","","Adaptive Frame","0.28%","∞%"
"rocket-launchers","62","BrayTech Osprey","","High-Impact Frame","0.26%","∞%"
"rocket-launchers","63","Folded Root","","Aggressive Frame","0.24%","∞%"
"rocket-launchers","64","Zenobia-D","","Precision Frame","0.16%","∞%"
"rocket-launchers","65","Mos Epoch III","","Aggressive Frame","0.15%","∞%"
"rocket-launchers","66","Cold Comfort (Adept)","","Aggressive Frame","0.14%","∞%"
"rocket-launchers","67","Folded Root","","Aggressive Frame","0.13%","∞%"
"rocket-launchers","68","Micromort","","Precision Frame","0.11%","∞%"
"rocket-launchers","69","Micromort","","Precision Frame","0.11%","∞%"
"rocket-launchers","70","Roar of the Bear","","High-Impact Frame","0.11%","∞%"
"rocket-launchers","71","Folded Root","","Aggressive Frame","0.09%","∞%"
"rocket-launchers","72","Folded Root","","Aggressive Frame","0.09%","∞%"
"rocket-launchers","73","Micromort","","Precision Frame","0.09%","∞%"
"rocket-launchers","74","Pyroclastic Flow","","Precision Frame","0.08%","∞%"
"rocket-launchers","75","Tomorrow's Answer (Adept)","","High-Impact Frame","0.07%","∞%"
"rocket-launchers","76","Bellowing Giant","","Adaptive Frame","0.07%","∞%"
"rocket-launchers","77","Hoosegow XE5837","","Adaptive Frame","0.05%","∞%"
"scout-rifles","1","Nameless Midnight","","Precision Frame","6.73%","∞%"
"scout-rifles","2","Inbound Surveillance","","High-Impact Frame","5.43%","∞%"
"scout-rifles","3","Randy's Throwing Knife","","Rapid-Fire Frame","5.38%","∞%"
"scout-rifles","4","Voltaic Shade","","Balanced Heat Weapon","4.98%","∞%"
"scout-rifles","5","Oxygen SR3","","Precision Frame","4.21%","∞%"
"scout-rifles","6","No Feelings","","Precision Frame","2.97%","∞%"
"scout-rifles","7","Red Tape","","Lightweight Frame","2.95%","∞%"
"scout-rifles","8","Aisha's Embrace","","Rapid-Fire Frame","2.19%","∞%"
"scout-rifles","9","Sublimation","","High-Impact Frame","2.19%","∞%"
"scout-rifles","10","Jurisprudent","","High-Impact Frame","2.11%","∞%"
"scout-rifles","11","Last Rite","","Aggressive Frame","2.08%","∞%"
"scout-rifles","12","Doom of Chelchis","","Precision Frame","1.96%","∞%"
"scout-rifles","13","Hung Jury SR4","","Precision Frame","1.60%","∞%"
"scout-rifles","14","Vision of Confluence","","Precision Frame","1.60%","∞%"
"scout-rifles","15","Forced Memorializer","","Precision Frame","1.60%","∞%"
"scout-rifles","16","Trustee","","Rapid-Fire Frame","1.55%","∞%"
"scout-rifles","17","Unworthy","","Rapid-Fire Frame","1.46%","∞%"
"scout-rifles","18","Dead Man's Tale","","Cranial Spike","1.45%","∞%"
"scout-rifles","19","Timeworn Wayfarer","","Aggressive Frame","1.40%","∞%"
"scout-rifles","20","Long Arm","","Aggressive Frame","1.39%","∞%"
"scout-rifles","21","Tarnished Mettle","","Lightweight Frame","1.36%","∞%"
"scout-rifles","22","Dead Man's Tale","","Cranial Spike","1.35%","∞%"
"scout-rifles","23","Randy's Throwing Knife","","Rapid-Fire Frame","1.25%","∞%"
"scout-rifles","24","Taraxippos","","Lightweight Frame","1.25%","∞%"
"scout-rifles","25","Unworthy","","Rapid-Fire Frame","1.24%","∞%"
"scout-rifles","26","The Scholar","","High-Impact Frame","1.21%","∞%"
"scout-rifles","27","Patron of Lost Causes","","Lightweight Frame","1.21%","∞%"
"scout-rifles","28","Staccato-46","","Precision Frame","1.20%","∞%"
"scout-rifles","29","Night Watch","","Lightweight Frame","1.16%","∞%"
"scout-rifles","30","Hung Jury SR4","","Precision Frame","1.14%","∞%"
"scout-rifles","31","Live Fire","","Precision Frame","1.13%","∞%"
"scout-rifles","32","Vouchsafe","","Lightweight Frame","1.11%","∞%"
"scout-rifles","33","Fang of Ir Yût","","Rapid-Fire Frame","1.10%","∞%"
"scout-rifles","34","Brya's Love","","Precision Frame","1.09%","∞%"
"scout-rifles","35","No Feelings","","Precision Frame","0.94%","∞%"
"scout-rifles","36","Admetus-D","","High-Impact Frame","0.92%","∞%"
"scout-rifles","37","Transfiguration","","High-Impact Frame","0.91%","∞%"
"scout-rifles","38","Vision of Confluence","","Precision Frame","0.90%","∞%"
"scout-rifles","39","Nature Reclaimed","","Lightweight Frame","0.86%","∞%"
"scout-rifles","40","Glissando-47","","Precision Frame","0.82%","∞%"
"scout-rifles","41","Tears of Contrition","","Precision Frame","0.81%","∞%"
"scout-rifles","42","Perses-D","","High-Impact Frame","0.79%","∞%"
"scout-rifles","43","Hung Jury SR4","","Precision Frame","0.79%","∞%"
"scout-rifles","44","Vouchsafe","","Lightweight Frame","0.75%","∞%"
"scout-rifles","45","Contingency Plan","","Rapid-Fire Frame","0.70%","∞%"
"scout-rifles","46","Aisha's Embrace","","Rapid-Fire Frame","0.70%","∞%"
"scout-rifles","47","Servant Leader","","Rapid-Fire Frame","0.65%","∞%"
"scout-rifles","48","Nameless Midnight","","Precision Frame","0.65%","∞%"
"scout-rifles","49","Long Arm","","Aggressive Frame","0.61%","∞%"
"scout-rifles","50","Pointed Inquiry","","High-Impact Frame","0.60%","∞%"
"scout-rifles","51","Hung Jury SR4 (Adept)","","Precision Frame","0.59%","∞%"
"scout-rifles","52","Long Arm","","Aggressive Frame","0.58%","∞%"
"scout-rifles","53","Taraxippos","","Lightweight Frame","0.58%","∞%"
"scout-rifles","54","Vision of Confluence (Timelost)","","Precision Frame","0.55%","∞%"
"scout-rifles","55","Vouchsafe","","Lightweight Frame","0.55%","∞%"
"scout-rifles","56","Taraxippos","","Lightweight Frame","0.55%","∞%"
"scout-rifles","57","Oxygen SR3","","Precision Frame","0.54%","∞%"
"scout-rifles","58","Long Arm (Adept)","","Aggressive Frame","0.53%","∞%"
"scout-rifles","59","Adverse Possession IX","","Precision Frame","0.53%","∞%"
"scout-rifles","60","The Prophet","","Aggressive Frame","0.52%","∞%"
"scout-rifles","61","Hung Jury SR4 (Adept)","","Precision Frame","0.52%","∞%"
"scout-rifles","62","Nameless Midnight","","Precision Frame","0.51%","∞%"
"scout-rifles","63","Taraxippos","","Lightweight Frame","0.49%","∞%"
"scout-rifles","64","Eternal Blazon","","Lightweight Frame","0.47%","∞%"
"scout-rifles","65","Pleiades Corrector","","Lightweight Frame","0.44%","∞%"
"scout-rifles","66","Imperative","","High-Impact Frame","0.44%","∞%"
"scout-rifles","67","Jararaca-3sr","","Rapid-Fire Frame","0.42%","∞%"
"scout-rifles","68","Randy's Throwing Knife","","Rapid-Fire Frame","0.40%","∞%"
"scout-rifles","69","Doom of Chelchis (Harrowed)","","Precision Frame","0.38%","∞%"
"scout-rifles","70","Fang of Ir Yût (Adept)","","Rapid-Fire Frame","0.37%","∞%"
"scout-rifles","71","The Prophet (Adept)","","Aggressive Frame","0.35%","∞%"
"scout-rifles","72","Royal Chase","","Precision Frame","0.33%","∞%"
"scout-rifles","73","Hung Jury SR4","","Precision Frame","0.33%","∞%"
"scout-rifles","74","Hung Jury SR4","","Precision Frame","0.33%","∞%"
"scout-rifles","75","The Guiding Sight","","High-Impact Frame","0.30%","∞%"
"scout-rifles","76","Hung Jury SR4 (Adept)","","Precision Frame","0.29%","∞%"
"scout-rifles","77","Vision of Confluence (Timelost)","","Precision Frame","0.28%","∞%"
"scout-rifles","78","Red Tape","","Lightweight Frame","0.27%","∞%"
"scout-rifles","79","Hung Jury SR4","","Precision Frame","0.27%","∞%"
"scout-rifles","80","Aisha's Embrace (Adept)","","Rapid-Fire Frame","0.26%","∞%"
"scout-rifles","81","The Scholar","","High-Impact Frame","0.24%","∞%"
"scout-rifles","82","The Guiding Sight","","High-Impact Frame","0.24%","∞%"
"scout-rifles","83","Long Arm","","Aggressive Frame","0.23%","∞%"
"scout-rifles","84","Transfiguration","","High-Impact Frame","0.23%","∞%"
"scout-rifles","85","The Guiding Sight","","High-Impact Frame","0.19%","∞%"
"scout-rifles","86","Patron of Lost Causes","","Lightweight Frame","0.17%","∞%"
"scout-rifles","87","Talons of the Eagle","","High-Impact Frame","0.16%","∞%"
"scout-rifles","88","No Feelings","","Precision Frame","0.13%","∞%"
"scout-rifles","89","Distant Relation","","Precision Frame","0.10%","∞%"
"scout-rifles","90","Admetus-D","","High-Impact Frame","0.09%","∞%"
"scout-rifles","91","Long Arm (Adept)","","Aggressive Frame","0.08%","∞%"
"scout-rifles","92","Patron of Lost Causes","","Lightweight Frame","0.08%","∞%"
"scout-rifles","93","The Cut and Run","","High-Impact Frame","0.08%","∞%"
"scout-rifles","94","Nameless Midnight","","Precision Frame","0.07%","∞%"
"scout-rifles","95","Glissando-47","","Precision Frame","0.07%","∞%"
"scout-rifles","96","Does Not Compute","","High-Impact Frame","0.06%","∞%"
"scout-rifles","97","Imperative","","High-Impact Frame","0.06%","∞%"
"scout-rifles","98","Live Fire","","Precision Frame","0.06%","∞%"
"scout-rifles","99","Tango-45 XK5094","","Precision Frame","0.05%","∞%"
"scout-rifles","100","Night Watch","","Lightweight Frame","0.05%","∞%"
"shotguns","1","Felwinter's Lie","","Shot Package","7.89%","∞%"
"shotguns","2","Perfect Paradox","","Rapid-Fire Frame","4.74%","∞%"
"shotguns","3","Gunnora's Axe","","Pinpoint Slug Frame","3.48%","∞%"
"shotguns","4","Hawthorne's Field-Forged Shotgun","","Lightweight Frame","3.34%","∞%"
"shotguns","5","Threat Level","","Rapid-Fire Frame","2.58%","∞%"
"shotguns","6","MIDA Macro-Tool","","MIDA Synergy","2.23%","∞%"
"shotguns","7","Matador 64","","Precision Frame","2.11%","∞%"
"shotguns","8","Fractethyst","","Precision Frame","2.04%","∞%"
"shotguns","9","Heritage","","Pinpoint Slug Frame","1.99%","∞%"
"shotguns","10","Seventh Seraph CQC-12","","Lightweight Frame","1.96%","∞%"
"shotguns","11","Wastelander M5","","Lightweight Frame","1.86%","∞%"
"shotguns","12","Precipial","","Precision Frame","1.75%","∞%"
"shotguns","13","Slayer's Fang","","Nightsworn Sight","1.73%","∞%"
"shotguns","14","Trachinus","","Rapid Fire Slug","1.72%","∞%"
"shotguns","15","The Inquisitor","","Pinpoint Slug Frame","1.71%","∞%"
"shotguns","16","Arcane Embrace","","Heavy Burst","1.67%","∞%"
"shotguns","17","Found Verdict","","Aggressive Frame","1.67%","∞%"
"shotguns","18","Pure Recollection","","Heavy Burst","1.58%","∞%"
"shotguns","19","Someday","","Precision Frame","1.56%","∞%"
"shotguns","20","Astral Horizon","","Aggressive Frame","1.52%","∞%"
"shotguns","21","Compass Rose","","Precision Frame","1.52%","∞%"
"shotguns","22","IKELOS_SG_v1.0.3","","Rapid-Fire Frame","1.37%","∞%"
"shotguns","23","Python","","Aggressive Frame","1.36%","∞%"
"shotguns","24","A Sudden Death","","Aggressive Frame","1.28%","∞%"
"shotguns","25","Matador 64","","Precision Frame","1.17%","∞%"
"shotguns","26","Imperial Decree","","Aggressive Frame","1.16%","∞%"
"shotguns","27","Perfect Paradox","","Rapid-Fire Frame","1.11%","∞%"
"shotguns","28","Ragnhild-D","","Aggressive Frame","1.09%","∞%"
"shotguns","29","Swordbreaker","","Lightweight Frame","1.09%","∞%"
"shotguns","30","Last Man Standing","","Aggressive Frame","1.07%","∞%"
"shotguns","31","Seventh Seraph CQC-12","","Lightweight Frame","1.06%","∞%"
"shotguns","32","Reckless Endangerment","","Lightweight Frame","1.03%","∞%"
"shotguns","33","First In, Last Out","","Pinpoint Slug Frame","1.01%","∞%"
"shotguns","34","Deadlock","","Precision Frame","0.95%","∞%"
"shotguns","35","Fractethyst","","Precision Frame","0.91%","∞%"
"shotguns","36","Unvoiced","","Pinpoint Slug Frame","0.90%","∞%"
"shotguns","37","Riiswalker","","Lightweight Frame","0.81%","∞%"
"shotguns","38","Nessa's Oblation","","Pinpoint Slug Frame","0.81%","∞%"
"shotguns","39","Unvoiced","","Pinpoint Slug Frame","0.81%","∞%"
"shotguns","40","Without Remorse","","Lightweight Frame","0.80%","∞%"
"shotguns","41","Found Verdict","","Aggressive Frame","0.80%","∞%"
"shotguns","42","Until Its Return","","Rapid-Fire Frame","0.79%","∞%"
"shotguns","43","Ded Gramarye IV","","Lightweight Frame","0.77%","∞%"
"shotguns","44","Legato-11","","Pinpoint Slug Frame","0.76%","∞%"
"shotguns","45","Prophet of Doom","","Precision Frame","0.69%","∞%"
"shotguns","46","Retold Tale","","Precision Frame","0.67%","∞%"
"shotguns","47","Supercluster","","Pinpoint Slug Frame","0.65%","∞%"
"shotguns","48","The Deicide","","Rapid-Fire Frame","0.64%","∞%"
"shotguns","49","Bonechiller","","Pinpoint Slug Frame","0.62%","∞%"
"shotguns","50","Found Verdict (Timelost)","","Aggressive Frame","0.62%","∞%"
"shotguns","51","A Sudden Death","","Aggressive Frame","0.59%","∞%"
"shotguns","52","Scavenger's Fate","","Precision Frame","0.57%","∞%"
"shotguns","53","Deadlock","","Precision Frame","0.56%","∞%"
"shotguns","54","Retold Tale","","Precision Frame","0.55%","∞%"
"shotguns","55","Arcane Embrace","","Heavy Burst","0.55%","∞%"
"shotguns","56","Retold Tale","","Precision Frame","0.54%","∞%"
"shotguns","57","Arcane Embrace","","Heavy Burst","0.54%","∞%"
"shotguns","58","The Inquisitor (Adept)","","Pinpoint Slug Frame","0.54%","∞%"
"shotguns","59","Xenoclast IV","","Lightweight Frame","0.51%","∞%"
"shotguns","60","The Inquisitor","","Pinpoint Slug Frame","0.50%","∞%"
"shotguns","61","One Small Step","","Rapid-Fire Frame","0.49%","∞%"
"shotguns","62","Sojourner's Tale","","Pinpoint Slug Frame","0.49%","∞%"
"shotguns","63","The Deicide","","Rapid-Fire Frame","0.48%","∞%"
"shotguns","64","Basso Ostinato","","Rapid-Fire Frame","0.47%","∞%"
"shotguns","65","Mindbender's Ambition (Adept)","","Aggressive Frame","0.47%","∞%"
"shotguns","66","Fortissimo-11","","Pinpoint Slug Frame","0.45%","∞%"
"shotguns","67","Threat Level","","Rapid-Fire Frame","0.45%","∞%"
"shotguns","68","Hand in Hand","","Aggressive Frame","0.45%","∞%"
"shotguns","69","Compass Rose","","Precision Frame","0.45%","∞%"
"shotguns","70","Blasphemer","","Pinpoint Slug Frame","0.44%","∞%"
"shotguns","71","Sojourner's Tale","","Pinpoint Slug Frame","0.44%","∞%"
"shotguns","72","No Reprieve","","Pinpoint Slug Frame","0.43%","∞%"
"shotguns","73","Gunnora's Axe","","Pinpoint Slug Frame","0.39%","∞%"
"shotguns","74","Retrofuturist","","Lightweight Frame","0.38%","∞%"
"shotguns","75","A Sudden Death (Adept)","","Aggressive Frame","0.37%","∞%"
"shotguns","76","Dead Weight","","Rapid-Fire Frame","0.37%","∞%"
"shotguns","77","Basso Ostinato","","Rapid-Fire Frame","0.36%","∞%"
"shotguns","78","Compass Rose","","Precision Frame","0.35%","∞%"
"shotguns","79","Found Verdict (Timelost)","","Aggressive Frame","0.35%","∞%"
"shotguns","80","Riiswalker","","Lightweight Frame","0.35%","∞%"
"shotguns","81","IKELOS_SG_v1.0.2","","Rapid-Fire Frame","0.35%","∞%"
"shotguns","82","Mindbender's Ambition","","Aggressive Frame","0.33%","∞%"
"shotguns","83","A Sudden Death","","Aggressive Frame","0.32%","∞%"
"shotguns","84","Astral Horizon","","Aggressive Frame","0.29%","∞%"
"shotguns","85","Bonechiller","","Pinpoint Slug Frame","0.29%","∞%"
"shotguns","86","Blasphemer","","Pinpoint Slug Frame","0.29%","∞%"
"shotguns","87","A Sudden Death","","Aggressive Frame","0.29%","∞%"
"shotguns","88","Swordbreaker (Adept)","","Lightweight Frame","0.29%","∞%"
"shotguns","89","Prophet of Doom","","Precision Frame","0.28%","∞%"
"shotguns","90","Last Man Standing","","Aggressive Frame","0.27%","∞%"
"shotguns","91","Astral Horizon","","Aggressive Frame","0.27%","∞%"
"shotguns","92","Wishbringer","","Rapid-Fire Frame","0.26%","∞%"
"shotguns","93","Toil and Trouble","","Aggressive Frame","0.23%","∞%"
"shotguns","94","A Sudden Death","","Aggressive Frame","0.23%","∞%"
"shotguns","95","Astral Horizon (Adept)","","Aggressive Frame","0.23%","∞%"
"shotguns","96","Dust Rock Blues","","Precision Frame","0.23%","∞%"
"shotguns","97","Nessa's Oblation (Adept)","","Pinpoint Slug Frame","0.23%","∞%"
"shotguns","98","Gunnora's Axe","","Pinpoint Slug Frame","0.22%","∞%"
"shotguns","99","Retrofuturist","","Lightweight Frame","0.21%","∞%"
"shotguns","100","Mindbender's Ambition","","Aggressive Frame","0.20%","∞%"
"sidearms","1","The Call","","Micro-Missile Frame","6.51%","∞%"
"sidearms","2","Compact Defender","","Dynamic Heat Weapon","6.08%","∞%"
"sidearms","3","Punching Out","","Rapid-Fire Frame","5.57%","∞%"
"sidearms","4","Lotus-Eater","","Micro-Missile Frame","5.21%","∞%"
"sidearms","5","Evening SI4","","Adaptive Burst","4.54%","∞%"
"sidearms","6","Unfall","","Together Forever","3.79%","∞%"
"sidearms","7","Fimbulwinter Stitch","","Precision Frame","3.55%","∞%"
"sidearms","8","Returned Memory","","Micro-Missile Frame","3.47%","∞%"
"sidearms","9","The Keening","","Adaptive Frame","3.34%","∞%"
"sidearms","10","Aberrant Action","","Micro-Missile Frame","3.06%","∞%"
"sidearms","11","Tinasha's Mastery","","Micro-Missile Frame","2.86%","∞%"
"sidearms","12","Drang","","Together Forever","2.60%","∞%"
"sidearms","13","Brass Attacks","","Heavy Burst","2.36%","∞%"
"sidearms","14","Indebted Kindness","","Micro-Missile Frame","2.31%","∞%"
"sidearms","15","Heliocentric QSc","","Lightweight Frame","2.30%","∞%"
"sidearms","16","Faustus Decline","","Lightweight Frame","1.93%","∞%"
"sidearms","17","High Albedo","","Micro-Missile Frame","1.82%","∞%"
"sidearms","18","Seventh Seraph SI-2","","Lightweight Frame","1.78%","∞%"
"sidearms","19","Indebted Kindness","","Micro-Missile Frame","1.77%","∞%"
"sidearms","20","Forgiveness","","Heavy Burst","1.69%","∞%"
"sidearms","21","Heliocentric QSc","","Lightweight Frame","1.65%","∞%"
"sidearms","22","Compact Defender","","Dynamic Heat Weapon","1.56%","∞%"
"sidearms","23","Punching Out","","Rapid-Fire Frame","1.51%","∞%"
"sidearms","24","Lotus-Eater (Adept)","","Micro-Missile Frame","1.40%","∞%"
"sidearms","25","Breachlight","","Heavy Burst","1.38%","∞%"
"sidearms","26","Fimbulwinter Stitch","","Precision Frame","1.37%","∞%"
"sidearms","27","Liminal Vigil","","Heavy Burst","1.29%","∞%"
"sidearms","28","Drang (Baroque)","","Together Forever","1.22%","∞%"
"sidearms","29","Evening SI4","","Adaptive Burst","1.03%","∞%"
"sidearms","30","Brigand's Law","","Rapid-Fire Frame","1.01%","∞%"
"sidearms","31","Lotus-Eater","","Micro-Missile Frame","0.82%","∞%"
"sidearms","32","Lotus-Eater","","Micro-Missile Frame","0.82%","∞%"
"sidearms","33","Tinasha's Mastery","","Micro-Missile Frame","0.78%","∞%"
"sidearms","34","Mykel's Reverence","","Rapid-Fire Frame","0.75%","∞%"
"sidearms","35","Empirical Evidence","","Heavy Burst","0.75%","∞%"
"sidearms","36","Anonymous Autumn","","Lightweight Frame","0.74%","∞%"
"sidearms","37","Peacebond","","Adaptive Burst","0.66%","∞%"
"sidearms","38","Buzzard (Adept)","","Adaptive Frame","0.62%","∞%"
"sidearms","39","Insurmountable","","Precision Frame","0.59%","∞%"
"sidearms","40","Peacebond","","Adaptive Burst","0.58%","∞%"
"sidearms","41","Controlling Vision","","Adaptive Frame","0.57%","∞%"
"sidearms","42","Division","","Heavy Burst","0.57%","∞%"
"sidearms","43","Senuna SI6","","Adaptive Burst","0.54%","∞%"
"sidearms","44","Lonesome","","Precision Frame","0.48%","∞%"
"sidearms","45","The Last Dance","","Adaptive Burst","0.48%","∞%"
"sidearms","46","Liminal Vigil","","Heavy Burst","0.47%","∞%"
"sidearms","47","Punching Out","","Rapid-Fire Frame","0.47%","∞%"
"sidearms","48","Boudica-C","","Precision Frame","0.43%","∞%"
"sidearms","49","The Vision","","Adaptive Burst","0.42%","∞%"
"sidearms","50","Seventh Seraph SI-2","","Lightweight Frame","0.42%","∞%"
"sidearms","51","Liminal Vigil (Adept)","","Heavy Burst","0.41%","∞%"
"sidearms","52","Fioritura-59","","Rapid-Fire Frame","0.41%","∞%"
"sidearms","53","Farewell","","Lightweight Frame","0.39%","∞%"
"sidearms","54","Redback-5si","","Lightweight Frame","0.39%","∞%"
"sidearms","55","Brass Attacks","","Heavy Burst","0.38%","∞%"
"sidearms","56","Liminal Vigil","","Heavy Burst","0.37%","∞%"
"sidearms","57","Forgiveness (Adept)","","Heavy Burst","0.35%","∞%"
"sidearms","58","The Fool's Remedy","","Rapid-Fire Frame","0.33%","∞%"
"sidearms","59","The Keening","","Adaptive Frame","0.32%","∞%"
"sidearms","60","Forgiveness","","Heavy Burst","0.32%","∞%"
"sidearms","61","Peacebond","","Adaptive Burst","0.30%","∞%"
"sidearms","62","Division (Adept)","","Heavy Burst","0.30%","∞%"
"sidearms","63","Mykel's Reverence (Adept)","","Rapid-Fire Frame","0.28%","∞%"
"sidearms","64","The Keening","","Adaptive Frame","0.27%","∞%"
"sidearms","65","Buzzard","","Adaptive Frame","0.27%","∞%"
"sidearms","66","Allied Demand","","Adaptive Frame","0.26%","∞%"
"sidearms","67","A Swift Verdict","","Precision Frame","0.25%","∞%"
"sidearms","68","High Albedo","","Adaptive Burst","0.25%","∞%"
"sidearms","69","Enigma's Draw","","Precision Frame","0.24%","∞%"
"sidearms","70","Liminal Vigil","","Heavy Burst","0.21%","∞%"
"sidearms","71","Allied Demand","","Adaptive Frame","0.19%","∞%"
"sidearms","72","Division","","Heavy Burst","0.17%","∞%"
"sidearms","73","Spoiler Alert","","Lightweight Frame","0.16%","∞%"
"sidearms","74","Last Hope","","Adaptive Burst","0.14%","∞%"
"sidearms","75","Breachlight","","Heavy Burst","0.14%","∞%"
"sidearms","76","Allied Demand","","Adaptive Frame","0.10%","∞%"
"sidearms","77","Division (Adept)","","Heavy Burst","0.10%","∞%"
"sidearms","78","Anonymous Autumn","","Lightweight Frame","0.09%","∞%"
"sidearms","79","Smuggler's Word","","Heavy Burst","0.08%","∞%"
"sidearms","80","Liminal Vigil (Adept)","","Heavy Burst","0.08%","∞%"
"sidearms","81","Drang (Baroque)","","Together Forever","0.07%","∞%"
"sidearms","82","Traveler's Judgment 5","","Adaptive Burst","0.07%","∞%"
"sidearms","83","Anonymous Autumn","","Lightweight Frame","0.06%","∞%"
"sidearms","84","Insurmountable","","Precision Frame","0.06%","∞%"
"sidearms","85","Translation Theory","","Adaptive Frame","0.06%","∞%"
"sidearms","86","Dead Man Walking XX7463","","Rapid-Fire Frame","0.05%","∞%"
"sidearms","87","Buzzard","","Adaptive Frame","0.05%","∞%"
"sidearms","88","Lonesome","","Precision Frame","0.05%","∞%"
"sidearms","89","The Last Dance","","Adaptive Burst","0.04%","∞%"
"sidearms","90","Spoiler Alert","","Lightweight Frame","0.02%","∞%"
"sniper-rifles","1","Refurbished A499","","Disruption Weapon [Shield-Piercing]","8.06%","∞%"
"sniper-rifles","2","The Helmsman","","High-Impact Frame","6.63%","∞%"
"sniper-rifles","3","Conspiracy Honed","","Dynamic Heat Weapon","4.40%","∞%"
"sniper-rifles","4","Adored","","Adaptive Frame","3.13%","∞%"
"sniper-rifles","5","Frozen Orbit","","Aggressive Frame","2.93%","∞%"
"sniper-rifles","6","Refurbished A499","","Disruption Weapon [Shield-Piercing]","2.89%","∞%"
"sniper-rifles","7","Something Something","","Aggressive Frame","2.72%","∞%"
"sniper-rifles","8","Alone as a god","","Rapid-Fire Frame","2.58%","∞%"
"sniper-rifles","9","ALLEN 05","","Adaptive Frame","2.35%","∞%"
"sniper-rifles","10","Occluded Finality","","Aggressive Frame","2.15%","∞%"
"sniper-rifles","11","The Supremacy","","Rapid-Fire Frame","2.06%","∞%"
"sniper-rifles","12","Whisper of the Worm","","White Nail","1.76%","∞%"
"sniper-rifles","13","Succession","","Aggressive Frame","1.68%","∞%"
"sniper-rifles","14","Shoreline Dissident","","Rapid-Fire Frame","1.62%","∞%"
"sniper-rifles","15","Tatara Gaze","","Aggressive Frame","1.60%","∞%"
"sniper-rifles","16","Rapid Growth","","Rapid-Fire Frame","1.53%","∞%"
"sniper-rifles","17","Eye of Sol","","Adaptive Frame","1.49%","∞%"
"sniper-rifles","18","Praedyth's Revenge","","Rapid-Fire Frame","1.45%","∞%"
"sniper-rifles","19","Something Something","","Aggressive Frame","1.42%","∞%"
"sniper-rifles","20","1000 Yard Stare","","Adaptive Frame","1.37%","∞%"
"sniper-rifles","21","Beloved","","Adaptive Frame","1.34%","∞%"
"sniper-rifles","22","Trophy Hunter","","Aggressive Frame","1.24%","∞%"
"sniper-rifles","23","Defiance of Yasmin","","Adaptive Frame","1.11%","∞%"
"sniper-rifles","24","Embraced Identity","","Adaptive Frame","1.05%","∞%"
"sniper-rifles","25","Succession","","Aggressive Frame","1.04%","∞%"
"sniper-rifles","26","The Helmsman","","High-Impact Frame","0.97%","∞%"
"sniper-rifles","27","Keen Thistle","","Aggressive Frame","0.95%","∞%"
"sniper-rifles","28","Sole Survivor","","Adaptive Frame","0.95%","∞%"
"sniper-rifles","29","Volta Bracket","","Aggressive Frame","0.93%","∞%"
"sniper-rifles","30","Succession","","Aggressive Frame","0.93%","∞%"
"sniper-rifles","31","Lance Ephemeral","","Rapid-Fire Frame","0.89%","∞%"
"sniper-rifles","32","1000 Yard Stare","","Adaptive Frame","0.85%","∞%"
"sniper-rifles","33","Naeem's Lance","","Rapid-Fire Frame","0.84%","∞%"
"sniper-rifles","34","Locus Locutus","","Adaptive Frame","0.84%","∞%"
"sniper-rifles","35","Last Foray","","Aggressive Frame","0.84%","∞%"
"sniper-rifles","36","IKELOS_SR_v1.0.3","","Rapid-Fire Frame","0.82%","∞%"
"sniper-rifles","37","Mechabre","","Aggressive Frame","0.81%","∞%"
"sniper-rifles","38","Frozen Orbit","","Aggressive Frame","0.80%","∞%"
"sniper-rifles","39","Veleda-F","","Aggressive Frame","0.79%","∞%"
"sniper-rifles","40","Tranquility","","Adaptive Frame","0.74%","∞%"
"sniper-rifles","41","Keen Thistle","","Aggressive Frame","0.69%","∞%"
"sniper-rifles","42","Praedyth's Revenge (Timelost)","","Rapid-Fire Frame","0.69%","∞%"
"sniper-rifles","43","Rapid Growth","","Rapid-Fire Frame","0.68%","∞%"
"sniper-rifles","44","Critical Anomaly","","Aggressive Frame","0.68%","∞%"
"sniper-rifles","45","Fugue-55","","Adaptive Frame","0.66%","∞%"
"sniper-rifles","46","Mercurial Overreach","","Adaptive Frame","0.65%","∞%"
"sniper-rifles","47","Eye of Sol","","Adaptive Frame","0.65%","∞%"
"sniper-rifles","48","Uzume RR4 (Adept)","","Adaptive Frame","0.63%","∞%"
"sniper-rifles","49","The Domino","","Adaptive Frame","0.61%","∞%"
"sniper-rifles","50","Twilight Oath","","Rapid-Fire Frame","0.59%","∞%"
"sniper-rifles","51","Omniscient Eye","","Rapid-Fire Frame","0.59%","∞%"
"sniper-rifles","52","Succession","","Aggressive Frame","0.57%","∞%"
"sniper-rifles","53","Praedyth's Revenge","","Rapid-Fire Frame","0.57%","∞%"
"sniper-rifles","54","A Distant Pull","","Rapid-Fire Frame","0.56%","∞%"
"sniper-rifles","55","Occluded Finality","","Aggressive Frame","0.54%","∞%"
"sniper-rifles","56","Luna Regolith III","","Aggressive Frame","0.54%","∞%"
"sniper-rifles","57","Apostate","","Rapid-Fire Frame","0.53%","∞%"
"sniper-rifles","58","Sovereignty","","Adaptive Frame","0.52%","∞%"
"sniper-rifles","59","Long Shadow","","Adaptive Frame","0.52%","∞%"
"sniper-rifles","60","Irukandji","","Rapid-Fire Frame","0.52%","∞%"
"sniper-rifles","61","Last Foray","","Aggressive Frame","0.51%","∞%"
"sniper-rifles","62","Thoughtless","","Adaptive Frame","0.49%","∞%"
"sniper-rifles","63","Father's Sins","","Rapid-Fire Frame","0.47%","∞%"
"sniper-rifles","64","Adored","","Adaptive Frame","0.47%","∞%"
"sniper-rifles","65","Gallu RR3","","Adaptive Frame","0.46%","∞%"
"sniper-rifles","66","Mechabre","","Aggressive Frame","0.46%","∞%"
"sniper-rifles","67","Mercurial Overreach","","Adaptive Frame","0.46%","∞%"
"sniper-rifles","68","IKELOS_SR_v1.0.2","","Rapid-Fire Frame","0.46%","∞%"
"sniper-rifles","69","Alone as a god","","Rapid-Fire Frame","0.44%","∞%"
"sniper-rifles","70","Mechabre","","Aggressive Frame","0.43%","∞%"
"sniper-rifles","71","Naeem's Lance","","Rapid-Fire Frame","0.43%","∞%"
"sniper-rifles","72","Keen Thistle (Adept)","","Aggressive Frame","0.42%","∞%"
"sniper-rifles","73","Uzume RR4 (Adept)","","Adaptive Frame","0.42%","∞%"
"sniper-rifles","74","Tatara Gaze","","Aggressive Frame","0.37%","∞%"
"sniper-rifles","75","Twilight Oath","","Rapid-Fire Frame","0.36%","∞%"
"sniper-rifles","76","Far Future","","Adaptive Frame","0.36%","∞%"
"sniper-rifles","77","Beloved","","Adaptive Frame","0.35%","∞%"
"sniper-rifles","78","The Long Walk","","Aggressive Frame","0.35%","∞%"
"sniper-rifles","79","Shepherd's Watch","","Adaptive Frame","0.34%","∞%"
"sniper-rifles","80","Sole Survivor","","Adaptive Frame","0.33%","∞%"
"sniper-rifles","81","Mechabre","","Aggressive Frame","0.32%","∞%"
"sniper-rifles","82","Distant Tumulus","","Rapid-Fire Frame","0.32%","∞%"
"sniper-rifles","83","Eye of Sol (Adept)","","Adaptive Frame","0.32%","∞%"
"sniper-rifles","84","Defiance of Yasmin (Harrowed)","","Adaptive Frame","0.32%","∞%"
"sniper-rifles","85","Bite of the Fox","","Aggressive Frame","0.30%","∞%"
"sniper-rifles","86","Silicon Neuroma (Adept)","","Aggressive Frame","0.29%","∞%"
"sniper-rifles","87","Uzume RR4 (Adept)","","Adaptive Frame","0.28%","∞%"
"sniper-rifles","88","The Supremacy","","Rapid-Fire Frame","0.28%","∞%"
"sniper-rifles","89","Apostate","","Rapid-Fire Frame","0.27%","∞%"
"sniper-rifles","90","Bite of the Fox","","Aggressive Frame","0.27%","∞%"
"sniper-rifles","91","Frozen Orbit","","Aggressive Frame","0.25%","∞%"
"sniper-rifles","92","Albruna-D","","Aggressive Frame","0.25%","∞%"
"sniper-rifles","93","Eye of Sol (Adept)","","Adaptive Frame","0.25%","∞%"
"sniper-rifles","94","Omniscient Eye","","Rapid-Fire Frame","0.23%","∞%"
"sniper-rifles","95","Eye of Sol (Adept)","","Adaptive Frame","0.23%","∞%"
"sniper-rifles","96","Silicon Neuroma","","Aggressive Frame","0.23%","∞%"
"sniper-rifles","97","Twilight Oath","","Rapid-Fire Frame","0.21%","∞%"
"sniper-rifles","98","Praedyth's Revenge (Timelost)","","Rapid-Fire Frame","0.21%","∞%"
"sniper-rifles","99","Tatara Gaze","","Aggressive Frame","0.20%","∞%"
"sniper-rifles","100","Widow's Bite","","Rapid-Fire Frame","0.18%","∞%"
"submachine-guns","1","Yeartide Apex","","Lightweight Frame","6.34%","∞%"
"submachine-guns","2","M-17 ""Fast Talker""","","Balanced Heat Weapon","5.28%","∞%"
"submachine-guns","3","Multimach CCX","","Lightweight Frame","3.84%","∞%"
"submachine-guns","4","Prolonged Engagement","","Lightweight Frame","3.72%","∞%"
"submachine-guns","5","Unending Tempest","","Precision Frame","3.50%","∞%"
"submachine-guns","6","MIDA Mini-Tool","","MIDA Synergy","3.23%","∞%"
"submachine-guns","7","Whatchamacallit","","Aggressive Burst","2.95%","∞%"
"submachine-guns","8","Out of Bounds","","Lightweight Frame","2.71%","∞%"
"submachine-guns","9","Yeartide Apex","","Lightweight Frame","2.62%","∞%"
"submachine-guns","10","DEADHORSE 04","","Adaptive Frame","2.41%","∞%"
"submachine-guns","11","Osteo Striga","","Screaming Swarm","2.16%","∞%"
"submachine-guns","12","IKELOS_SMG_v1.0.3","","Aggressive Frame","1.95%","∞%"
"submachine-guns","13","Peculiar Charm","","Aggressive Burst","1.80%","∞%"
"submachine-guns","14","The Immortal","","Aggressive Frame","1.76%","∞%"
"submachine-guns","15","Seventh Seraph VY-7","","Precision Frame","1.73%","∞%"
"submachine-guns","16","Gunburn","","Lightweight Frame","1.71%","∞%"
"submachine-guns","17","Antedate","","Adaptive Frame","1.70%","∞%"
"submachine-guns","18","Qua Nilus II","","Adaptive Frame","1.67%","∞%"
"submachine-guns","19","CALUS Mini-Tool","","MIDA Synergy","1.62%","∞%"
"submachine-guns","20","Death Adder","","Lightweight Frame","1.59%","∞%"
"submachine-guns","21","Submission","","Lightweight Frame","1.41%","∞%"
"submachine-guns","22","M-17 ""Fast Talker""","","Balanced Heat Weapon","1.39%","∞%"
"submachine-guns","23","The Recluse","","Lightweight Frame","1.39%","∞%"
"submachine-guns","24","Funnelweb","","Lightweight Frame","1.38%","∞%"
"submachine-guns","25","Perfect Pitch","","Precision Frame","1.28%","∞%"
"submachine-guns","26","Barrow-Dyad","","Panic Response","1.23%","∞%"
"submachine-guns","27","Shayura's Wrath","","Precision Frame","1.22%","∞%"
"submachine-guns","28","Adjudicator","","Precision Frame","1.18%","∞%"
"submachine-guns","29","Bug-Out Bag","","Adaptive Frame","1.14%","∞%"
"submachine-guns","30","Unforgiven","","Aggressive Frame","1.11%","∞%"
"submachine-guns","31","The Recluse","","Lightweight Frame","1.07%","∞%"
"submachine-guns","32","Prolonged Engagement","","Lightweight Frame","1.07%","∞%"
"submachine-guns","33","Seraphine Haze","","Aggressive Frame","1.04%","∞%"
"submachine-guns","34","Vikala SMG4","","Balanced Heat Weapon","1.01%","∞%"
"submachine-guns","35","Whatchamacallit","","Aggressive Burst","0.90%","∞%"
"submachine-guns","36","Unending Tempest","","Precision Frame","0.82%","∞%"
"submachine-guns","37","Parabellum","","Adaptive Frame","0.82%","∞%"
"submachine-guns","38","Multimach CCX","","Lightweight Frame","0.75%","∞%"
"submachine-guns","39","Synchronic Roulette","","Precision Frame","0.69%","∞%"
"submachine-guns","40","The Immortal (Adept)","","Aggressive Frame","0.67%","∞%"
"submachine-guns","41","Imminence","","Lightweight Frame","0.67%","∞%"
"submachine-guns","42","Shayura's Wrath","","Precision Frame","0.66%","∞%"
"submachine-guns","43","Unending Tempest","","Precision Frame","0.65%","∞%"
"submachine-guns","44","Parabellum","","Adaptive Frame","0.65%","∞%"
"submachine-guns","45","Yarovit MG4","","Lightweight Frame","0.64%","∞%"
"submachine-guns","46","No Survivors","","Aggressive Frame","0.64%","∞%"
"submachine-guns","47","The Recluse","","Lightweight Frame","0.63%","∞%"
"submachine-guns","48","IKELOS_SMG_v1.0.2","","Aggressive Frame","0.63%","∞%"
"submachine-guns","49","Unforgiven","","Aggressive Frame","0.60%","∞%"
"submachine-guns","50","Boondoggle Mk. 55","","Aggressive Frame","0.56%","∞%"
"submachine-guns","51","Every Waking Moment","","Precision Frame","0.55%","∞%"
"submachine-guns","52","Shayura's Wrath","","Precision Frame","0.54%","∞%"
"submachine-guns","53","Gunburn","","Lightweight Frame","0.52%","∞%"
"submachine-guns","54","Mirror Imago","","Adaptive Frame","0.51%","∞%"
"submachine-guns","55","Noxious Vetiver","","Precision Frame","0.51%","∞%"
"submachine-guns","56","The Immortal","","Aggressive Frame","0.50%","∞%"
"submachine-guns","57","Extraordinary Rendition","","Aggressive Frame","0.50%","∞%"
"submachine-guns","58","No Survivors","","Aggressive Frame","0.47%","∞%"
"submachine-guns","59","Subjunctive","","Lightweight Frame","0.46%","∞%"
"submachine-guns","60","Shayura's Wrath (Adept)","","Precision Frame","0.46%","∞%"
"submachine-guns","61","No Survivors","","Aggressive Frame","0.46%","∞%"
"submachine-guns","62","Rapacious Appetite","","Aggressive Frame","0.45%","∞%"
"submachine-guns","63","Seventh Seraph VY-7","","Precision Frame","0.44%","∞%"
"submachine-guns","64","The Title","","Aggressive Frame","0.43%","∞%"
"submachine-guns","65","Shayura's Wrath (Adept)","","Precision Frame","0.43%","∞%"
"submachine-guns","66","The Title","","Aggressive Frame","0.42%","∞%"
"submachine-guns","67","Forensic Nightmare","","Precision Frame","0.40%","∞%"
"submachine-guns","68","Out of Bounds","","Lightweight Frame","0.39%","∞%"
"submachine-guns","69","Synchronic Roulette","","Precision Frame","0.37%","∞%"
"submachine-guns","70","The Title","","Aggressive Frame","0.37%","∞%"
"submachine-guns","71","Prolonged Engagement","","Lightweight Frame","0.36%","∞%"
"submachine-guns","72","Blood Feud","","Aggressive Frame","0.36%","∞%"
"submachine-guns","73","Borrowed Time","","Aggressive Frame","0.35%","∞%"
"submachine-guns","74","Adjudicator","","Precision Frame","0.35%","∞%"
"submachine-guns","75","Enyo-D","","Precision Frame","0.35%","∞%"
"submachine-guns","76","The Title","","Aggressive Frame","0.35%","∞%"
"submachine-guns","77","Stochastic Variable","","Lightweight Frame","0.35%","∞%"
"submachine-guns","78","Multimach CCX","","Lightweight Frame","0.34%","∞%"
"submachine-guns","79","Mirror Imago (Adept)","","Adaptive Frame","0.33%","∞%"
"submachine-guns","80","No Survivors","","Aggressive Frame","0.33%","∞%"
"submachine-guns","81","No Survivors (Adept)","","Aggressive Frame","0.33%","∞%"
"submachine-guns","82","Escape Velocity","","Lightweight Frame","0.31%","∞%"
"submachine-guns","83","Death Adder","","Lightweight Frame","0.31%","∞%"
"submachine-guns","84","The Title","","Aggressive Frame","0.31%","∞%"
"submachine-guns","85","Vikala SMG4","","Balanced Heat Weapon","0.30%","∞%"
"submachine-guns","86","The Hero's Burden","","Adaptive Frame","0.29%","∞%"
"submachine-guns","87","Submission (Adept)","","Lightweight Frame","0.28%","∞%"
"submachine-guns","88","Pizzicato-22","","Adaptive Frame","0.27%","∞%"
"submachine-guns","89","The Hero's Burden","","Adaptive Frame","0.25%","∞%"
"submachine-guns","90","Bug-Out Bag","","Adaptive Frame","0.24%","∞%"
"submachine-guns","91","The Showrunner","","Lightweight Frame","0.24%","∞%"
"submachine-guns","92","Friction Fire","","Precision Frame","0.24%","∞%"
"submachine-guns","93","Cold Front","","Aggressive Frame","0.24%","∞%"
"submachine-guns","94","Out of Bounds","","Lightweight Frame","0.19%","∞%"
"submachine-guns","95","Mirror Imago","","Adaptive Frame","0.17%","∞%"
"submachine-guns","96","Imminence (Adept)","","Lightweight Frame","0.16%","∞%"
"submachine-guns","97","Cold Front","","Aggressive Frame","0.13%","∞%"
"submachine-guns","98","The Hero's Burden","","Adaptive Frame","0.12%","∞%"
"submachine-guns","99","Every Waking Moment","","Precision Frame","0.11%","∞%"
"submachine-guns","100","Cold Front","","Aggressive Frame","0.09%","∞%"
"swords","1","Praxic Blade","","Ranged Weapon","13.30%","∞%"
"swords","2","Ergo Sum","","Wave Sword Frame","10.67%","∞%"
"swords","3","The Slammer","","Vortex Frame","6.66%","∞%"
"swords","4","Aurora Dawn","","Wave Sword Frame","6.48%","∞%"
"swords","5","Sullen Claw","","Lightweight Frame","4.98%","∞%"
"swords","6","Eighty-Six","","Vortex Frame","4.87%","∞%"
"swords","7","The Other Half","","Adaptive Frame","3.85%","∞%"
"swords","8","Synanceia","","Wave Sword Frame","3.60%","∞%"
"swords","9","Half-Truths","","Adaptive Frame","2.99%","∞%"
"swords","10","The Slammer (Adept)","","Vortex Frame","2.65%","∞%"
"swords","11","Temptation's Hook","","Caster Frame","2.28%","∞%"
"swords","12","Stryker's Sure-Hand","","Aggressive Frame","1.88%","∞%"
"swords","13","Falling Guillotine","","Vortex Frame","1.86%","∞%"
"swords","14","Falling Guillotine","","Vortex Frame","1.77%","∞%"
"swords","15","Terciopelo-4bl","","Lightweight Frame","1.70%","∞%"
"swords","16","Wolfsbane","","Resurgence Directive","1.56%","∞%"
"swords","17","Chivalric Fire","","Caster Frame","1.34%","∞%"
"swords","18","Falling Guillotine","","Vortex Frame","1.20%","∞%"
"swords","19","The Slammer","","Vortex Frame","1.07%","∞%"
"swords","20","Sola's Scar","","Caster Frame","1.00%","∞%"
"swords","21","Dragoncult Sickle","","Caster Frame","0.98%","∞%"
"swords","22","Bequest","","Adaptive Frame","0.98%","∞%"
"swords","23","Nasreddin","","Lightweight Frame","0.91%","∞%"
"swords","24","Hero of Ages","","Aggressive Frame","0.87%","∞%"
"swords","25","Hardline Cut","","Adaptive Frame","0.84%","∞%"
"swords","26","Ill Omen","","Caster Frame","0.81%","∞%"
"swords","27","Abyssal Edge","","Wave Sword Frame","0.80%","∞%"
"swords","28","False Idols","","Vortex Frame","0.76%","∞%"
"swords","29","Thin Precipice","","Vortex Frame","0.75%","∞%"
"swords","30","Throne-Cleaver","","Aggressive Frame","0.75%","∞%"
"swords","31","Falling Guillotine","","Vortex Frame","0.71%","∞%"
"swords","32","Night Terror","","Caster Frame","0.70%","∞%"
"swords","33","Temptation's Hook","","Caster Frame","0.69%","∞%"
"swords","34","Terciopelo-4bl","","Lightweight Frame","0.68%","∞%"
"swords","35","Abide the Return","","Adaptive Frame","0.68%","∞%"
"swords","36","The Slammer","","Vortex Frame","0.58%","∞%"
"swords","37","Dragoncult Sickle","","Caster Frame","0.58%","∞%"
"swords","38","Hero of Ages","","Vortex Frame","0.57%","∞%"
"swords","39","Goldtusk","","Lightweight Frame","0.56%","∞%"
"swords","40","Caretaker","","Adaptive Frame","0.55%","∞%"
"swords","41","Geodetic HSm","","Adaptive Frame","0.53%","∞%"
"swords","42","Aurora Dawn","","Wave Sword Frame","0.51%","∞%"
"swords","43","Stryker's Sure-Hand","","Aggressive Frame","0.48%","∞%"
"swords","44","Razor's Edge","","Vortex Frame","0.46%","∞%"
"swords","45","Summum Bonum","","Wave Sword Frame","0.44%","∞%"
"swords","46","Nasreddin","","Adaptive Frame","0.44%","∞%"
"swords","47","Zephyr","","Adaptive Frame","0.40%","∞%"
"swords","48","Abyssal Edge","","Wave Sword Frame","0.38%","∞%"
"swords","49","Sola's Scar","","Caster Frame","0.36%","∞%"
"swords","50","Synanceia","","Wave Sword Frame","0.36%","∞%"
"swords","51","Just in Case","","Adaptive Frame","0.34%","∞%"
"swords","52","Temptation's Hook","","Caster Frame","0.32%","∞%"
"swords","53","Abide the Return","","Adaptive Frame","0.30%","∞%"
"swords","54","Death's Razor","","Vortex Frame","0.29%","∞%"
"swords","55","Double-Edged Answer","","Adaptive Frame","0.26%","∞%"
"swords","56","Honor's Edge","","Adaptive Frame","0.26%","∞%"
"swords","57","Negative Space","","Adaptive Frame","0.25%","∞%"
"swords","58","Steel Sybil Z-14","","Adaptive Frame","0.25%","∞%"
"swords","59","Synanceia","","Wave Sword Frame","0.24%","∞%"
"swords","60","Abyssal Edge (Adept)","","Wave Sword Frame","0.23%","∞%"
"swords","61","Sola's Scar (Adept)","","Caster Frame","0.22%","∞%"
"swords","62","Zephyr","","Adaptive Frame","0.21%","∞%"
"swords","63","Synanceia","","Wave Sword Frame","0.21%","∞%"
"swords","64","Abide the Return","","Adaptive Frame","0.20%","∞%"
"swords","65","Zephyr","","Adaptive Frame","0.16%","∞%"
"swords","66","Zephyr","","Adaptive Frame","0.15%","∞%"
"swords","67","Summum Bonum (Adept)","","Wave Sword Frame","0.14%","∞%"
"swords","68","Zephyr","","Adaptive Frame","0.13%","∞%"
"swords","69","Abyssal Edge","","Wave Sword Frame","0.13%","∞%"
"swords","70","Night Terror","","Adaptive Frame","0.12%","∞%"
"swords","71","Stryker's Sure-Hand","","Adaptive Frame","0.11%","∞%"
"swords","72","Hardline Cut","","Adaptive Frame","0.10%","∞%"
"swords","73","Hardline Cut","","Adaptive Frame","0.10%","∞%"
"swords","74","Abyssal Edge (Adept)","","Wave Sword Frame","0.10%","∞%"
"swords","75","Synanceia","","Wave Sword Frame","0.10%","∞%"
"swords","76","Hardline Cut","","Adaptive Frame","0.10%","∞%"
"swords","77","Hardline Cut","","Adaptive Frame","0.08%","∞%"
"swords","78","Just in Case","","Adaptive Frame","0.02%","∞%"
"swords","79","Crown-Splitter","","Aggressive Frame","0.02%","∞%"
"swords","80","Quickfang","","Lightweight Frame","0.01%","∞%"
"swords","81","Eternity's Edge","","Vortex Frame","0.01%","∞%"
"swords","82","Goldtusk","","Lightweight Frame","0.00%","∞%"
"swords","83","Throne-Cleaver","","Aggressive Frame","0.00%","∞%"
"swords","84","Death's Razor","","Adaptive Frame","0.00%","∞%"
"trace-rifles","1","Keraunios","","Adaptive Frame","13.11%","∞%"
"trace-rifles","2","Unsworn","","Adaptive Frame","9.67%","∞%"
"trace-rifles","3","Ribbontail","","Adaptive Frame","8.36%","∞%"
"trace-rifles","4","Acasia's Dejection","","Adaptive Frame","7.06%","∞%"
"trace-rifles","5","Retraced Path","","Adaptive Frame","6.92%","∞%"
"trace-rifles","6","Action Item","","Adaptive Frame","6.83%","∞%"
"trace-rifles","7","Unsworn","","Adaptive Frame","5.71%","∞%"
"trace-rifles","8","Warlord's Spear","","Adaptive Frame","4.67%","∞%"
"trace-rifles","9","Keraunios","","Adaptive Frame","4.65%","∞%"
"trace-rifles","10","Hollow Denial","","Adaptive Frame","4.40%","∞%"
"trace-rifles","11","Keraunios","","Adaptive Frame","4.40%","∞%"
"trace-rifles","12","Chronophage","","Adaptive Frame","4.32%","∞%"
"trace-rifles","13","Path of Least Resistance","","Adaptive Frame","4.02%","∞%"
"trace-rifles","14","Appetence","","Adaptive Frame","3.80%","∞%"
"trace-rifles","15","Action Item","","Adaptive Frame","2.03%","∞%"
"trace-rifles","16","Acasia's Dejection (Adept)","","Adaptive Frame","1.80%","∞%"
"trace-rifles","17","Incisor","","Adaptive Frame","1.46%","∞%"
"trace-rifles","18","Incisor (Adept)","","Adaptive Frame","1.07%","∞%"
"trace-rifles","19","Ribbontail","","Adaptive Frame","0.95%","∞%"
"trace-rifles","20","Incisor","","Adaptive Frame","0.88%","∞%"
"trace-rifles","21","Incisor (Adept)","","Adaptive Frame","0.83%","∞%"
"trace-rifles","22","Ribbontail","","Adaptive Frame","0.65%","∞%"
"trace-rifles","23","Ribbontail","","Adaptive Frame","0.58%","∞%"
"trace-rifles","24","Action Item","","Adaptive Frame","0.52%","∞%"
"trace-rifles","25","Action Item","","Adaptive Frame","0.51%","∞%"
"trace-rifles","26","Ribbontail","","Adaptive Frame","0.40%","∞%"
"trace-rifles","27","Action Item","","Adaptive Frame","0.39%","∞%"
